	strings	type
0	178th short of	query
1	1st earl of	query
2	a commercial and critical failure after release in	query
3	a lifestyle and food blog for	query
4	a living in the gift of	query
5	a sequel to	query
6	a tributary of	query
7	aa naluguru	query
8	abandoned	query
9	abandoned after	query
10	abbess of	query
11	abbreviated as	query
12	abbreviations include	query
13	abdicated	query
14	abdicated his throne to	query
15	abdicated in	query
16	abdicated in favor of	query
17	abdicated in favour of	query
18	abdicated on	query
19	abdicated the throne for the second and last time in	query
20	abdicated the throne in	query
21	abdicated to	query
22	abducted	query
23	abducted by	query
24	abolished in	query
25	abolished monarchy in	query
26	about	query
27	about which film was produced in	query
28	acceded to the throne as	query
29	accepted	query
30	accepted by	query
31	accepted offer from	query
32	accepted the resignation of	query
33	accepts	query
34	accessed to	query
35	accessioned in	query
36	acclaimed at	query
37	acclaimed by	query
38	acclaimed for	query
39	accompanied	query
40	accompanied his father to	query
41	accompanies	query
42	accompanying music video directed by	query
43	accompanying the release of	query
44	accorded title of	query
45	account of	query
46	accredited by	query
47	accredited to	query
48	accused	query
49	accused of	query
50	accused of involvement in	query
51	achieved	query
52	achieved a career high singles ranking of	query
53	achieved chart success in	query
54	achieved dominion status in	query
55	achieved personal best time in	query
56	achieved personal best time of	query
57	achieved popularity with	query
58	achieved rank of	query
59	achieved ranking in	query
60	achieved ranking of	query
61	achieved success with	query
62	achieved victories over	query
63	achieved victories with	query
64	acknowledged	query
65	acknowledged santa fe as	query
66	acknowledged the rule of	query
67	acquired	query
68	acquired by	query
69	acquired for	query
70	acquired for distribution by	query
71	acquired in	query
72	acquired rights to	query
73	acquired the rights with	query
74	acquired wealth through	query
75	acquired wealth through piracy activity on	query
76	acted against	query
77	acted as	query
78	acted as an educator in the family of	query
79	acted as governor in	query
80	acted as peacemaker during	query
81	acted as regent of	query
82	acted as representative for	query
83	acted between	query
84	acted by	query
85	acted in	query
86	acted in films of	query
87	acted on	query
88	acted till	query
89	acting chairman of	query
90	active at	query
91	active during	query
92	active from	query
93	active in	query
94	active with	query
95	activist against	query
96	activities during	query
97	activities in	query
98	actor of	query
99	acts as	query
100	adaptation from	query
101	adaptation of	query
102	adapted	query
103	adapted  arranged  and conducted by	query
104	adapted as film with script by	query
105	adapted by	query
106	adapted for	query
107	adapted for the screen by	query
108	adapted from	query
109	adapted from novel by	query
110	adapted from the book	query
111	adapted in	query
112	adapted into	query
113	adapted into film in	query
114	adapted to screen by	query
115	added	query
116	added lyrics in	query
117	added lyrics to	query
118	added to	query
119	additional production by	query
120	additional shooting took place at	query
121	addressed to	query
122	addresses	query
123	adjacent to	query
124	adjoins	query
125	administers	query
126	administrative center was	query
127	admire	query
128	admired	query
129	admissions described as	query
130	admitted	query
131	admitted as member of	query
132	admitted to	query
133	adopted	query
134	adopted after	query
135	adopted by	query
136	adopted in	query
137	adopted on	query
138	adopted the name	query
139	adopted the stage name of	query
140	adoptive son of	query
141	advance to	query
142	advertised as	query
143	advertised in	query
144	advertised with	query
145	advised	query
146	advisor to	query
147	advocate for	query
148	advocate of	query
149	advocated at	query
150	advocated for	query
151	advocates for	query
152	affair led to death of	query
153	affected by	query
154	affecting	query
155	affiliated to	query
156	affiliated with	query
157	affirmed	query
158	after the death of	query
159	against	query
160	age is	query
161	aged	query
162	agreed to retire in	query
163	agreed to retire with	query
164	agreed to spend	query
165	agrees to tell his story to	query
166	aided	query
167	aided by	query
168	aided the production of	query
169	aided victor iii in taking the vatican hill from	query
170	aimed at providing	query
171	aimed to	query
172	aimed to disrupt	query
173	aired	query
174	aired for	query
175	aired from	query
176	aired in	query
177	aired on	query
178	aired until	query
179	airs on	query
180	album	query
181	album is	query
182	album name	query
183	album of	query
184	album produced by	query
185	alerted	query
186	aligned against	query
187	aligned himself with	query
188	aligned with	query
189	alleged	query
190	alleged member of	query
191	alleged to be sealed in	query
192	alleged to have affair with	query
193	alleged to have raped	query
194	allegedly poisoned by	query
195	allied	query
196	allied with	query
197	allowed to marry	query
198	along with	query
199	also became count of nassau saarbr cken in	query
200	also billed as	query
201	also called	query
202	also credited as	query
203	also entitled	query
204	also given to	query
205	also in	query
206	also includes	query
207	also known as	query
208	also plays as	query
209	also referred to as	query
210	also released as	query
211	also rendered as	query
212	also spelled as	query
213	also studied under	query
214	also the subject of	query
215	also wrote under	query
216	altered family name to	query
217	altered in	query
218	alternative title	query
219	alternative version for overseas release of	query
220	altitude	query
221	amalgamation of	query
222	ambassador for	query
223	amended	query
224	amended by	query
225	american title is	query
226	an adaptation of	query
227	analyzed	query
228	analyzes the life of	query
229	ancestor of	query
230	ancestral territories of	query
231	ancestress of	query
232	and	query
233	animated by	query
234	annexed	query
235	annexed by	query
236	annexed to	query
237	announced	query
238	announced as	query
239	announced at	query
240	announced by	query
241	announced in	query
242	announced plans to reorganize as	query
243	announced the launch of	query
244	announced to direct biopic of	query
245	annulled marriage in	query
246	another hebrew lexicographer with	query
247	anthropomorphizes	query
248	anticipated	query
249	apologised to	query
250	appealed by	query
251	appealed to	query
252	appeared as	query
253	appeared as a judge on	query
254	appeared as actor in	query
255	appeared at	query
256	appeared between	query
257	appeared in	query
258	appeared in film	query
259	appeared in films between	query
260	appeared in films such as	query
261	appeared off	query
262	appeared on	query
263	appeared on album	query
264	appeared on screen as	query
265	appeared on television during	query
266	appeared with	query
267	appears as	query
268	appears in	query
269	appears on	query
270	applies in	query
271	applies to	query
272	appointed	query
273	appointed as	query
274	appointed as captain in	query
275	appointed as director of	query
276	appointed as governor of	query
277	appointed as professor of	query
278	appointed assistant national director of	query
279	appointed by	query
280	appointed chairman of	query
281	appointed colonel of	query
282	appointed deputies to govern in	query
283	appointed governor of	query
284	appointed head of	query
285	appointed in	query
286	appointed military and civil governor of	query
287	appointed military commander in	query
288	appointed on	query
289	appointed poet in residence at	query
290	appointed queen regent in	query
291	appointed to	query
292	appointed to command	query
293	apprentice with	query
294	apprenticed under	query
295	appropriated responsibilities during production of	query
296	appropriates	query
297	approved	query
298	approved by	query
299	approximately	query
300	archbishop of	query
301	archduchess of	query
302	are	query
303	are being raised in	query
304	are characterized by	query
305	are considered to be	query
306	are from	query
307	are members of	query
308	are played by	query
309	are set in	query
310	argued by means of	query
311	argued for the authenticity of	query
312	arises from	query
313	arises in	query
314	arranged	query
315	arranged action scenes for	query
316	arranged action scenes with	query
317	arrested	query
318	arrested by	query
319	arrested during	query
320	arrested for	query
321	arrested in	query
322	arrived at	query
323	arrived in	query
324	arrives on	query
325	art direction by	query
326	art direction overseen by	query
327	art director	query
328	art directors are	query
329	artist name based on	query
330	artistic director from	query
331	artwork created by	query
332	as	query
333	as a duo with	query
334	as of	query
335	ascended as	query
336	ascended the throne	query
337	ascended the throne as	query
338	ascended the throne in	query
339	ascended to	query
340	ascended to the throne of	query
341	ascended to the throne under the regency of	query
342	ascension as ruler of	query
343	ascension in	query
344	asked	query
345	asked hand in marriage of	query
346	assassinated	query
347	assassinated at	query
348	assassinated by	query
349	assassinated in	query
350	assassinated on	query
351	assassinated on the orders of	query
352	assassinated using	query
353	assassination sparked	query
354	assembled	query
355	assembled to select	query
356	asserted authority over	query
357	assigned	query
358	assigned separate governor	query
359	assigned to	query
360	assigned to suppress	query
361	assistant director for	query
362	assistant director of	query
363	assistant of	query
364	assisted	query
365	assisted by	query
366	assisted in	query
367	assists	query
368	associate of	query
369	associate producer	query
370	associate producer on	query
371	associated with	query
372	assumed duties of	query
373	assumed name of	query
374	assumed office in	query
375	assumed office on	query
376	assumed position of	query
377	assumed seat in	query
378	assumed the additional name of	query
379	assumed the name	query
380	assumed the regency while	query
381	assumed the surname of	query
382	assumed the title of	query
383	assumed titles of	query
384	at	query
385	at the end of	query
386	at the place of	query
387	atoned for brutal treatment of	query
388	attached to	query
389	attack on	query
390	attacked	query
391	attacks	query
392	attained majority on	query
393	attained to the rank of	query
394	attempt to escape	query
395	attempted suicide on the day of	query
396	attempted to disrupt	query
397	attempted to invade the northern border lands of	query
398	attempted to mediate between	query
399	attempted to poison	query
400	attempted to prove	query
401	attempted to repeal	query
402	attempted to repeal at	query
403	attempted to repeal by	query
404	attempted to sabotage	query
405	attempted to start	query
406	attempted to transfer territories of	query
407	attempts to free himself from	query
408	attempts to recruit	query
409	attempts to redefine	query
410	attended	query
411	attended by	query
412	attended high school with	query
413	attended the funeral of	query
414	attends	query
415	attracted	query
416	attracted by	query
417	attracted to	query
418	attracts students from	query
419	attributed to	query
420	attributes osthryth s murder to	query
421	audited courses at	query
422	aunt of	query
423	author of	query
424	authored	query
425	authored articles under	query
426	authored biography of	query
427	authored book about	query
428	authored by	query
429	authorized to raise armies in	query
430	authorship of	query
431	available in	query
432	available on	query
433	available with	query
434	avenges	query
435	averaged	query
436	avoided confusion with	query
437	awakens	query
438	awakes to	query
439	award at	query
440	awarded	query
441	awarded at	query
442	awarded by	query
443	awarded damages for	query
444	awarded for	query
445	awarded in	query
446	awarded membership into	query
447	awarded on	query
448	awarded residencies to	query
449	awarded status of fellow in	query
450	awarded the title of	query
451	awarded to	query
452	awarded with	query
453	awards	query
454	b side for	query
455	b side to	query
456	backed by	query
457	backing band for	query
458	bandmate of	query
459	banished by	query
460	bankrolled	query
461	banned	query
462	banned by	query
463	baptised by	query
464	baptised on	query
465	baptized on	query
466	based at	query
467	based in	query
468	based on	query
469	based on a novel by	query
470	based on a story by	query
471	based on book by	query
472	based on character from novels by	query
473	based on characters from	query
474	based on music by	query
475	based on novel	query
476	based on novel by	query
477	based on novel published in	query
478	based on novels by	query
479	based on play by	query
480	based on story by	query
481	based on the life of	query
482	based on the lives of	query
483	based on the novel	query
484	based on the play	query
485	based on the story by	query
486	based symphony concertante on	query
487	based upon	query
488	based upon the novel by	query
489	basis for movie version starring	query
490	basis of	query
491	battled	query
492	battled on behalf of	query
493	battled to have	query
494	battles	query
495	bears	query
496	beat	query
497	beatified by	query
498	became	query
499	became a byword for	query
500	became a hit for	query
501	became a lawyer in	query
502	became a member of	query
503	became a regular judge in	query
504	became a star of	query
505	became a subject of	query
506	became abbess of	query
507	became an appellate judge pro tem in	query
508	became assistant private secretary to	query
509	became attorney to	query
510	became captain and colonel of	query
511	became chairman of	query
512	became chief queen of	query
513	became city secretary of	query
514	became closer to	query
515	became coeducational in	query
516	became councillor for	query
517	became count in	query
518	became count of nassau weilburg in	query
519	became count palatine in	query
520	became countess of	query
521	became countess of burgundy in	query
522	became countess of essex by marriage to	query
523	became dauphin of france in	query
524	became director of	query
525	became disabled after	query
526	became duke of limburg in	query
527	became duke of medina sidonia in	query
528	became editor of	query
529	became emir in	query
530	became emir of	query
531	became emperor	query
532	became emperor after	query
533	became extinct upon the death of	query
534	became film star in	query
535	became friend of	query
536	became general to	query
537	became head in	query
538	became head of	query
539	became head of production for	query
540	became head of state after	query
541	became hit with	query
542	became involved in	query
543	became king following the death of	query
544	became king in	query
545	became king of	query
546	became king on	query
547	became known for	query
548	became known for views of	query
549	became lady of	query
550	became lord of	query
551	became member in	query
552	became member of	query
553	became mother of	query
554	became notable for her influence over	query
555	became organist at	query
556	became part of	query
557	became partisan of	query
558	became president of	query
559	became queen consort of	query
560	became queen of	query
561	became regent of	query
562	became sadaijin in	query
563	became sessho for	query
564	became spouse of	query
565	became stadtholder of	query
566	became stepmother of	query
567	became the 1st duke of cleves in	query
568	became the count of	query
569	became the duke of	query
570	became the editor of	query
571	became the first performer to	query
572	became the second wife of	query
573	became the sole ruler of	query
574	became the spokesman and director of poker programming at	query
575	became the sub editor of	query
576	became the sultan of	query
577	became the wife of	query
578	became vassal of	query
579	became viscount powerscourt in	query
580	became well known in	query
581	became widow and married	query
582	became widow during	query
583	becomes	query
584	becomes involved with	query
585	becomes transformed into	query
586	bedridden in	query
587	befriend	query
588	befriended	query
589	befriends	query
590	began a relationship with	query
591	began acting career at	query
592	began career at	query
593	began career during	query
594	began career in	query
595	began career in the reign of	query
596	began construction of	query
597	began development of	query
598	began directoral career at	query
599	began film career in	query
600	began his rule in	query
601	began in	query
602	began losing vision at	query
603	began making	query
604	began military career in	query
605	began production in	query
606	began singing career in	query
607	began theatrical release in	query
608	began to direct in	query
609	began to explore	query
610	began to flourish as	query
611	began to tour with	query
612	began work for	query
613	began working as	query
614	begins to fall apart	query
615	begins with	query
616	being adapted for film by	query
617	being chased by	query
618	being filmed at	query
619	being produced in	query
620	believed	query
621	believed in	query
622	belong to	query
623	belonged to	query
624	belonged to the trend of	query
625	belongs to	query
626	belongs to family	query
627	beloved of	query
628	benefited from	query
629	benefits from	query
630	benefitted from	query
631	bequeathed	query
632	besieged	query
633	best known as the creator of	query
634	best known for	query
635	best known for composing	query
636	best known for directing	query
637	best known for her role in	query
638	best known for playing	query
639	best known for producing	query
640	best known for role in	query
641	best known for roles in	query
642	best known for writing	query
643	best remembered for	query
644	best remembered for role in	query
645	best selling solo artist in	query
646	bestowed power on	query
647	betrayed	query
648	betrayed by	query
649	betrothal to	query
650	betrothed to	query
651	better known as	query
652	better than	query
653	between	query
654	billed as	query
655	billed under	query
656	biographer is	query
657	biography by	query
658	birth date	query
659	birth name	query
660	birth name is	query
661	birth name was	query
662	bishop of	query
663	blame	query
664	blamed for	query
665	blended	query
666	boasted that	query
667	body was re autopsied in	query
668	boosted the career of	query
669	border of	query
670	bordered by	query
671	bore	query
672	born	query
673	born and raised in	query
674	born as	query
675	born at	query
676	born between	query
677	born in	query
678	born into	query
679	born near	query
680	born on	query
681	born to	query
682	borrowed from	query
683	bought	query
684	bought back	query
685	bought the rights from	query
686	bounded by	query
687	bowls	query
688	box office of	query
689	bred	query
690	breeding	query
691	bridged	query
692	briefly lived in	query
693	brings back	query
694	brings home	query
695	british version of	query
696	broadcast	query
697	broadcast by	query
698	broadcast on	query
699	broadcast since	query
700	broadcasted	query
701	broadcasted for	query
702	broadcasted in	query
703	broadcasted on	query
704	broadcasted to	query
705	broadcasting	query
706	broadened	query
707	broadway play by	query
708	broke	query
709	broke from	query
710	broke up in	query
711	broke up relationship with	query
712	broken his hand during	query
713	brother in law of	query
714	brother in law to	query
715	brother is	query
716	brother of	query
717	brother was	query
718	brought	query
719	brought estates into	query
720	brought together	query
721	brought under	query
722	brought up by	query
723	budget	query
724	budget of	query
725	built	query
726	built a house for	query
727	built by	query
728	built for	query
729	built his studio in	query
730	built in	query
731	built or restored fortifications to	query
732	built the haffar channel  that joined	query
733	built the port of	query
734	buried at	query
735	buried beside	query
736	buried in	query
737	buried on	query
738	buried under the name	query
739	buried with	query
740	buried within	query
741	burned at the stake on	query
742	business partner of	query
743	business passed to	query
744	by	query
745	by marriage	query
746	by the band	query
747	bypassed in favour of	query
748	cadet branch of	query
749	called	query
750	called by	query
751	called for	query
752	called himself	query
753	called out of	query
754	called to	query
755	calls	query
756	came from	query
757	came into conflicts with	query
758	came into control of	query
759	came into power after	query
760	came of age in	query
761	came on	query
762	came out after	query
763	came out earlier the same year as	query
764	came out in	query
765	came out on	query
766	came to	query
767	came to offer	query
768	came to prominence in	query
769	came under the influence of	query
770	came via	query
771	came with	query
772	cameo by	query
773	camera work handled by	query
774	campaign for	query
775	campaigned against	query
776	campaigning alongside	query
777	camped in	query
778	can be awarded to	query
779	can be contacted at	query
780	can be downloaded from	query
781	can only utter	query
782	can play as	query
783	can refer to	query
784	cancelled due to	query
785	cancelled release of albums after	query
786	candidated as mayor of	query
787	canon of	query
788	canonised	query
789	capital in	query
790	capitalized on	query
791	capped his output with	query
792	captain of	query
793	captained by	query
794	captured	query
795	captured and destroyed	query
796	captured at	query
797	captured by	query
798	captured from	query
799	captured in	query
800	captured on	query
801	captures	query
802	career began in	query
803	career ended in	query
804	career included works in	query
805	career launched by	query
806	career peaked in	query
807	career spanned	query
808	career was	query
809	careers launched by	query
810	caretaker	query
811	carried out studies in	query
812	carried out studies until	query
813	carried out the assassination of	query
814	carried out the attack under the instruction of	query
815	carried the ball	query
816	carries	query
817	carries out engagements on behalf of	query
818	carries out mandates at	query
819	carries out post production work at	query
820	carries the torch of	query
821	carrying dispatches for	query
822	carved a middle path between	query
823	case was investigated by	query
824	cast for	query
825	cast in	query
826	cast include	query
827	cast includes	query
828	cast member of	query
829	cast members	query
830	castellan of	query
831	casting works in	query
832	catalogued for	query
833	categorized as	query
834	category	query
835	category for	query
836	caught in	query
837	caused	query
838	caused arrest of	query
839	caused by	query
840	caused conflicts with	query
841	caused controversy with	query
842	causes	query
843	ceased paying	query
844	ceased publication after	query
845	ceased publication in	query
846	ceased to be active	query
847	ceased to exist when	query
848	ceased to use	query
849	celebrated by	query
850	cemented links with	query
851	centers on	query
852	centralized	query
853	centred round	query
854	ceo of	query
855	certified	query
856	certified as	query
857	certified in	query
858	certified million by	query
859	certified singles as	query
860	chaired	query
861	chairman of	query
862	challenged	query
863	champion wrestler of	query
864	championed	query
865	chancellor to	query
866	changed allegiance to	query
867	changed her name to	query
868	changed his citizenship to	query
869	changed his name to	query
870	changed in	query
871	changed its name in	query
872	changed its name to	query
873	changed name to	query
874	changed surname to	query
875	changed the location to	query
876	changed the name of	query
877	changed the official title of	query
878	changed to	query
879	character named	query
880	character played by	query
881	characterized as	query
882	charged with adultery with	query
883	charlemagne as emperor over	query
884	charted hits in	query
885	charted in	query
886	charted on	query
887	charted singles in	query
888	chased after by	query
889	chases away	query
890	cheated out of	query
891	cherry creek	query
892	chief of	query
893	chiefly located in	query
894	chiefly remembered for	query
895	child of	query
896	chinese name translates as	query
897	chinese title	query
898	chooses to normalize	query
899	choreographed	query
900	choreographed by	query
901	choreography created by	query
902	chose	query
903	chose brother in law as	query
904	chosen	query
905	chosen as	query
906	chosen by	query
907	chosen king by	query
908	chosen to receive	query
909	christened	query
910	christened on	query
911	chronicled	query
912	chronicled by	query
913	chronicled in	query
914	chronicles	query
915	chronicles the life of	query
916	chronicles the lives of	query
917	chronology dates reign of	query
918	churchwarden of	query
919	cinematography by	query
920	cinematography performed by	query
921	circumscribed on	query
922	cited as	query
923	cited as influential modern timbalero with	query
924	cited as the beginning of	query
925	claimant to	query
926	claimant to the throne of	query
927	claimed	query
928	claimed by	query
929	claimed legitimacy on grounds of	query
930	claimed nationality as	query
931	claimed the emirate of	query
932	claimed the life of	query
933	claimed the throne of	query
934	claimed the title	query
935	claimed to be spouse of	query
936	claims	query
937	claims to be	query
938	claims to be in	query
939	clashed with	query
940	class of	query
941	close confidante of	query
942	close political associate of	query
943	closed	query
944	closed in	query
945	closed on	query
946	co author of	query
947	co authored	query
948	co created by	query
949	co creator of	query
950	co devised	query
951	co directed	query
952	co directed by	query
953	co director of	query
954	co edited a local student magazine with	query
955	co editor of	query
956	co founded	query
957	co founded by	query
958	co founder of	query
959	co invented	query
960	co leads	query
961	co led by	query
962	co owned	query
963	co presented with	query
964	co produced	query
965	co produced and released by	query
966	co produced by	query
967	co production between	query
968	co regent of	query
969	co regent with	query
970	co ruler in	query
971	co scripted	query
972	co starred in	query
973	co stars	query
974	co stars as	query
975	co stars with	query
976	co winner of	query
977	co writer of	query
978	co written by	query
979	co written for	query
980	co written with	query
981	co wrote	query
982	co wrote and produced	query
983	co wrote screenplay for	query
984	co wrote with	query
985	coached	query
986	coached at	query
987	coached by	query
988	coached for	query
989	coached from	query
990	coached until	query
991	coaches	query
992	coauthored papers with	query
993	codified	query
994	coerces	query
995	coined the term	query
996	collaborated in	query
997	collaborated on	query
998	collaborated with	query
999	collaborator with	query
1000	collapsed in	query
1001	collapsed into	query
1002	colleague of	query
1003	collected	query
1004	collected at	query
1005	collected by	query
1006	collection dating from	query
1007	collects money for	query
1008	colonel in	query
1009	colonel of	query
1010	combat against	query
1011	combined	query
1012	combined the positions of	query
1013	combined with	query
1014	combines	query
1015	combines genres	query
1016	combines musical traditions of	query
1017	comedy play written in	query
1018	comes from	query
1019	commanded	query
1020	commanded a brigade at	query
1021	commanded a division of the crusader army during	query
1022	commanded by	query
1023	commanded the fleet of	query
1024	commanded troops at	query
1025	commander in	query
1026	commander in chief of	query
1027	commander of	query
1028	commemorated	query
1029	commenced in	query
1030	comment motivated	query
1031	commentary during	query
1032	commented about	query
1033	commented on	query
1034	comments on	query
1035	commissioned	query
1036	commissioned by	query
1037	commissioned for	query
1038	commissioned in	query
1039	commissioned on	query
1040	commissioned to write	query
1041	commits	query
1042	commits funding support to	query
1043	committed	query
1044	committed suicide after the defeat at	query
1045	commonly known as	query
1046	commonly self styled as	query
1047	communicates with	query
1048	companion of	query
1049	compared	query
1050	compared to	query
1051	compelled to leave	query
1052	compete for affections of	query
1053	compete in	query
1054	competed against	query
1055	competed at	query
1056	competed for	query
1057	competed in	query
1058	competed on	query
1059	competed with	query
1060	competes for	query
1061	competes in	query
1062	competes with	query
1063	competing in	query
1064	competitors include	query
1065	compiled	query
1066	compiling	query
1067	completed	query
1068	completed and distributed in	query
1069	completed by	query
1070	completed college career in	query
1071	completed his career as	query
1072	completed his studies at	query
1073	completed in	query
1074	completed post production in	query
1075	completed studies at	query
1076	completely deaf in	query
1077	completes	query
1078	composed	query
1079	composed by	query
1080	composed for	query
1081	composed in	query
1082	composed lyrics to	query
1083	composed music for	query
1084	composed of	query
1085	composed song for	query
1086	composed the music of	query
1087	composed the original score for	query
1088	composed the theme for	query
1089	composed with	query
1090	composer	query
1091	composer of	query
1092	composes	query
1093	comprises	query
1094	conceived	query
1095	conceived and named for	query
1096	conceived following divorce from	query
1097	concentrated its foreign language production during	query
1098	concerned about	query
1099	concerns	query
1100	concerns the saga of	query
1101	concerns themes of	query
1102	concluded his tenure on	query
1103	concluded on	query
1104	condemned	query
1105	conducted	query
1106	conducted fleet from	query
1107	conducted investigations during	query
1108	conducted raids during	query
1109	conducted raids in	query
1110	conducted raids on	query
1111	conducted studies of	query
1112	conducted the orchestra of	query
1113	conducts research on	query
1114	conferred title in	query
1115	confirmed	query
1116	confirmed and patronized	query
1117	confirmed as	query
1118	confirmed as king of	query
1119	confirmed donation to	query
1120	confirmed royal charters of	query
1121	confirmed the style of	query
1122	confiscated lands of	query
1123	confluence with	query
1124	confluences with	query
1125	confronted	query
1126	confronts	query
1127	confused with	query
1128	connected to	query
1129	connected with	query
1130	connects	query
1131	conquered	query
1132	conquered by	query
1133	conquered the castles of	query
1134	consecrated	query
1135	consecrated in	query
1136	consented to	query
1137	consented to the annulment of the marriage in	query
1138	considered	query
1139	considered a major figure in	query
1140	considered as	query
1141	considered candidate for	query
1142	considered groundbreaking for	query
1143	considered offensive to	query
1144	considered to be	query
1145	considered to direct	query
1146	consist mainly of	query
1147	consisted of	query
1148	consists of	query
1149	consolidated	query
1150	consolidated power in	query
1151	consort of	query
1152	conspired with	query
1153	constructed	query
1154	constructed on	query
1155	consul in	query
1156	consulting chemist to	query
1157	contacted	query
1158	contacted by	query
1159	contain	query
1160	contained content about	query
1161	contained expansionism of	query
1162	contains	query
1163	contains material on	query
1164	contains references to	query
1165	contains works by	query
1166	contemplated the idea of making a film based on	query
1167	contemporary of	query
1168	continued	query
1169	continued by	query
1170	continued career as	query
1171	continued conquests as far west as	query
1172	continued conquests in	query
1173	continued germanic studies at	query
1174	continued in partnership until	query
1175	continued into	query
1176	continued on	query
1177	continued research on	query
1178	continued to direct films in	query
1179	continued to produce	query
1180	continued under	query
1181	continued until	query
1182	continued working with	query
1183	continues the story of	query
1184	continues to	query
1185	continues to tour with	query
1186	contracts	query
1187	contrasts with	query
1188	contributed	query
1189	contributed by	query
1190	contributed music for	query
1191	contributed songs to	query
1192	contributed the voice of	query
1193	contributed to	query
1194	contributions to	query
1195	contributor of	query
1196	contributor to	query
1197	controlled	query
1198	controlled by	query
1199	controlling shareholder of	query
1200	converge with	query
1201	conversion to	query
1202	converted from	query
1203	converted to	query
1204	converts	query
1205	convicted by	query
1206	convicted for	query
1207	convicted of	query
1208	convinced	query
1209	convinced islanders to stay during	query
1210	convinced producers to finance	query
1211	cooperated with	query
1212	coordinated	query
1213	coproduction between	query
1214	copy of	query
1215	copyrighted	query
1216	core plot elements adapted from	query
1217	coronation in	query
1218	corresponded with	query
1219	correspondence held at	query
1220	costarred with	query
1221	costumes designed by	query
1222	could bat	query
1223	could feed oil via	query
1224	could not allow buenos aires to	query
1225	could not take seat in	query
1226	could speak	query
1227	count of	query
1228	count of holland	query
1229	count of mortagne and	query
1230	count of mortagne from	query
1231	count of perche from	query
1232	count of perche until	query
1233	count palatine of	query
1234	count palatine of sulzbach from	query
1235	countess consort of	query
1236	countess of	query
1237	court historian of	query
1238	courted	query
1239	courtesy name	query
1240	cousin of	query
1241	cover	query
1242	cover and interviews stars included	query
1243	cover of	query
1244	covered	query
1245	covered by	query
1246	covered information concerning	query
1247	covered the song	query
1248	covers	query
1249	covers part of	query
1250	coveted	query
1251	cowriter of	query
1252	cracked	query
1253	crafted images that celebrate	query
1254	crashes into	query
1255	created	query
1256	created as	query
1257	created by	query
1258	created for	query
1259	created garden with	query
1260	created in	query
1261	created projects with	query
1262	created the line of the house	query
1263	created through partnership with	query
1264	created to facilitate	query
1265	created trio with	query
1266	creates	query
1267	creating	query
1268	creating mutants with	query
1269	creations incorporated	query
1270	creator of	query
1271	credited	query
1272	credited as	query
1273	credited as arranger of	query
1274	credited by	query
1275	credited for	query
1276	credited in	query
1277	credited screenplay by	query
1278	credited to	query
1279	credited with	query
1280	credited with being the first	query
1281	credited with directing	query
1282	credited with introducing	query
1283	credited with launching the careers of	query
1284	credited with setting the template for	query
1285	credits	query
1286	cremated at	query
1287	cremation held at	query
1288	critic of	query
1289	criticised	query
1290	criticized	query
1291	criticized as	query
1292	criticized for	query
1293	criticizes	query
1294	critique of	query
1295	crossed 50 crore mark at	query
1296	crosses	query
1297	crowned	query
1298	crowned as	query
1299	crowned at	query
1300	crowned by	query
1301	crowned emperor by	query
1302	crowned empress on	query
1303	crowned himself emperor with the title	query
1304	crowned in	query
1305	crowned king of burgundy at	query
1306	crowned king of italy on	query
1307	culminating with	query
1308	curated the exhibition	query
1309	current coach is	query
1310	current leader of	query
1311	current status	query
1312	currently lives in	query
1313	customers include	query
1314	cut	query
1315	cut in	query
1316	cuts	query
1317	czechoslovak entry for	query
1318	damaged	query
1319	danced for	query
1320	danced in	query
1321	dancer in	query
1322	date of birth	query
1323	date of death	query
1324	dated	query
1325	dated from	query
1326	dated reign of unnamed judge to	query
1327	dated to	query
1328	dates pharnavaz s rule to	query
1329	dates reign to	query
1330	daughter in law was	query
1331	daughter of	query
1332	deals with	query
1333	dealt a blow to	query
1334	death compensated by	query
1335	death confirmed as	query
1336	death date	query
1337	death described by	query
1338	death divided his kingdom among	query
1339	death drew attention to	query
1340	death in	query
1341	death probably caused by	query
1342	death rumored to be result of	query
1343	debut album released in	query
1344	debut feature was	query
1345	debut film was	query
1346	debut in	query
1347	debut in film	query
1348	debut novel published in	query
1349	debut single	query
1350	debuted as	query
1351	debuted as a member of	query
1352	debuted as director with	query
1353	debuted as film music director in	query
1354	debuted at	query
1355	debuted during	query
1356	debuted for	query
1357	debuted in	query
1358	debuted in direction with	query
1359	debuted on	query
1360	debuted on album of	query
1361	debuted single	query
1362	debuted under	query
1363	decide to manufacture	query
1364	decided	query
1365	decided against	query
1366	decided to issue	query
1367	decided to launch	query
1368	decided to not direct	query
1369	decided to sell	query
1370	decided to take	query
1371	decides to record	query
1372	decides to run in	query
1373	declared	query
1374	declared allegiance to	query
1375	declared for	query
1376	declared independence from	query
1377	declared outlaw by	query
1378	decorated	query
1379	decorated with	query
1380	dedicated	query
1381	dedicated the seventh reconstruction of	query
1382	dedicated time to	query
1383	dedicated to	query
1384	deemed a threat to	query
1385	defeated	query
1386	defeated and killed	query
1387	defeated at	query
1388	defeated by	query
1389	defeated in	query
1390	defeated in battle by	query
1391	defended	query
1392	defended claims on	query
1393	defending champion of	query
1394	defends	query
1395	defied	query
1396	defined by	query
1397	deified by	query
1398	delayed its completion for	query
1399	delayed to	query
1400	delegated power to	query
1401	delivered	query
1402	delivered films for	query
1403	delivers performance in	query
1404	demonstrated	query
1405	demonstrated versatility with	query
1406	demos for	query
1407	denied	query
1408	denied admission to	query
1409	denotes	query
1410	departed from	query
1411	depended on	query
1412	depicted	query
1413	depicted in	query
1414	depicted in the film as	query
1415	depicted with	query
1416	depicting activities during	query
1417	depicts	query
1418	depicts life of	query
1419	depicts operations of	query
1420	depicts romance between	query
1421	depicts the life of	query
1422	deplored	query
1423	deported	query
1424	deposed	query
1425	deposed by	query
1426	deposed in	query
1427	deposition by	query
1428	deprived by	query
1429	deprived for	query
1430	deputy for	query
1431	deputy head of	query
1432	deputy mayor of	query
1433	deputy to	query
1434	derive	query
1435	derived from	query
1436	derived its name from	query
1437	derived its plot from	query
1438	descendant of	query
1439	descendants include	query
1440	descendants of	query
1441	descended from	query
1442	descends from	query
1443	described	query
1444	described as	query
1445	described as evoking	query
1446	described by	query
1447	described her life for the year of	query
1448	described his policies as	query
1449	described in	query
1450	described rao as	query
1451	described relationship with	query
1452	describes	query
1453	desecrated	query
1454	design was submitted by	query
1455	designated	query
1456	designated as	query
1457	designed	query
1458	designed by	query
1459	designed for	query
1460	designed sets for	query
1461	designed to enhance	query
1462	designed using	query
1463	designs	query
1464	desired to produce	query
1465	desperate to discover	query
1466	destination of	query
1467	destroyed	query
1468	detailed	query
1469	details	query
1470	details the production of	query
1471	developed	query
1472	developed at	query
1473	developed by	query
1474	developed in	query
1475	developed into	query
1476	developing	query
1477	developing and producing projects for	query
1478	develops	query
1479	devised by	query
1480	devolved on	query
1481	devolved upon	query
1482	devoted	query
1483	devoted herself to	query
1484	devoted himself to	query
1485	devoted to	query
1486	diagnosed with	query
1487	diameter	query
1488	did	query
1489	did concerts with	query
1490	did filming and production in	query
1491	did homage to	query
1492	did music direction for	query
1493	did music direction with lyrics by	query
1494	did musical score for	query
1495	did not accept	query
1496	did not achieve	query
1497	did not appear in	query
1498	did not contain	query
1499	did not enter	query
1500	did not formally regain the title of king until	query
1501	did not make another appearance in	query
1502	did not offer to	query
1503	did percussion on	query
1504	did production design for	query
1505	did schooling from	query
1506	did the editing for	query
1507	did the most for the morale of	query
1508	died	query
1509	died aboard	query
1510	died about	query
1511	died after	query
1512	died against	query
1513	died at	query
1514	died at age	query
1515	died at the age of	query
1516	died at the siege of	query
1517	died before	query
1518	died before the restitution  aged	query
1519	died between	query
1520	died childless on	query
1521	died circa	query
1522	died during	query
1523	died during the shoot of	query
1524	died fighting under the leadership of	query
1525	died from	query
1526	died in	query
1527	died in or near	query
1528	died leaving	query
1529	died near	query
1530	died of	query
1531	died on	query
1532	died only a few weeks later after	query
1533	died out	query
1534	died out at the death of	query
1535	died outside	query
1536	died ten days after	query
1537	died under	query
1538	died unmarried in	query
1539	died while covering	query
1540	died with	query
1541	died within a few days of	query
1542	died without	query
1543	directed	query
1544	directed 26 episodes of	query
1545	directed an episode of	query
1546	directed and enacted by	query
1547	directed and produced by	query
1548	directed and written by	query
1549	directed as many	query
1550	directed between	query
1551	directed by	query
1552	directed episode of	query
1553	directed episodes of	query
1554	directed expedition against	query
1555	directed films between	query
1556	directed films for	query
1557	directed films in	query
1558	directed films since	query
1559	directed films starring	query
1560	directed for	query
1561	directed his last film in	query
1562	directed in	query
1563	directed last film in	query
1564	directed more than	query
1565	directed movies between	query
1566	directed over	query
1567	directed primarily in	query
1568	directed productions at	query
1569	directed segment of	query
1570	directed the final episode of	query
1571	directed the web spinoff called	query
1572	directed theatrical productions in	query
1573	directing	query
1574	director and screenwriter of	query
1575	director from	query
1576	director is	query
1577	director of	query
1578	director of photography	query
1579	director s seat given to	query
1580	director to	query
1581	directorial debut with	query
1582	directs	query
1583	directs films in	query
1584	disagreement with	query
1585	disappearance inspired	query
1586	disappeared before	query
1587	disappeared from	query
1588	disappeared from history in	query
1589	disappeared in	query
1590	disbanded in	query
1591	discharges into	query
1592	discontinued paper and ink publication in	query
1593	discover	query
1594	discovered	query
1595	discovered by	query
1596	discovered in	query
1597	discovered on	query
1598	discovered properties of	query
1599	discuss	query
1600	discusses	query
1601	disembarked at	query
1602	disguises himself as	query
1603	disliked	query
1604	dismissed	query
1605	dismissed from	query
1606	dismissed in	query
1607	dismissed on	query
1608	disowned by	query
1609	dispatched	query
1610	dispensation on	query
1611	displayed in	query
1612	disputed with	query
1613	disseminates knowledge on	query
1614	dissertation from	query
1615	dissolved	query
1616	dissolved into	query
1617	distance from central business district	query
1618	distanced himself from	query
1619	distant cousin of	query
1620	distinguished for services in the reign of	query
1621	distributed	query
1622	distributed by	query
1623	distributed in	query
1624	distributed on	query
1625	distributed primarily as	query
1626	distributed through	query
1627	distributed to	query
1628	distributed to subscribers of	query
1629	distribution by	query
1630	distributor of	query
1631	divided	query
1632	divided by	query
1633	divided into	query
1634	divided the country between	query
1635	divided the duchies of	query
1636	divided the duchies with	query
1637	divorced	query
1638	divorced in	query
1639	doctor of law in	query
1640	documentaries topics include	query
1641	documentary by	query
1642	documentary featured	query
1643	documented	query
1644	documents	query
1645	documents the recording of	query
1646	does not appear with	query
1647	does not play	query
1648	does not share country code with	query
1649	does research in	query
1650	doing research for	query
1651	dominated	query
1652	dominated by	query
1653	dominated trade between	query
1654	donated	query
1655	donated home for	query
1656	donated inheritance to	query
1657	donated money in memory of	query
1658	donated parts of the proceeds to	query
1659	donated to	query
1660	donates a portion of every sale to	query
1661	doubling in	query
1662	drafted	query
1663	drafted at pick	query
1664	drafted in	query
1665	drafted into	query
1666	drains into	query
1667	dramatization of life in	query
1668	dramatizes	query
1669	dramatizes the fate of	query
1670	draws	query
1671	draws its members from	query
1672	draws on	query
1673	draws songs from	query
1674	dreamed	query
1675	drew heavily on	query
1676	driven into	query
1677	driven to	query
1678	driver of	query
1679	driving a	query
1680	driving with	query
1681	dropped out as director for	query
1682	drummer of	query
1683	dubbed	query
1684	dubbed films into	query
1685	dubbed in	query
1686	duchess consort of	query
1687	duchess in	query
1688	duchess of	query
1689	duchess of westminster	query
1690	dug out	query
1691	duke in	query
1692	duke of	query
1693	duke of swabia from	query
1694	dukedome was recreated for	query
1695	during	query
1696	during the reign of	query
1697	each contains	query
1698	each issue in	query
1699	earl of	query
1700	earlier married to	query
1701	earlier than	query
1702	earned	query
1703	earned a	query
1704	earned a degree from	query
1705	earned by	query
1706	earned certification from	query
1707	earned critical acclaim for	query
1708	earned degree at	query
1709	earned degree from	query
1710	earned over	query
1711	earned phd at	query
1712	east of	query
1713	edited	query
1714	edited a local student magazine in	query
1715	edited and directed by	query
1716	edited and published by	query
1717	edited by	query
1718	edited down by	query
1719	edited work of	query
1720	editing by	query
1721	editing handled by	query
1722	editor	query
1723	editor is	query
1724	editor of	query
1725	educated	query
1726	educated at	query
1727	educated in	query
1728	efforts to start	query
1729	eighth film adaptation of	query
1730	eighth film in	query
1731	elder brother of	query
1732	eldest child of	query
1733	eldest son of	query
1734	eldest son took part in	query
1735	elected a fellow of	query
1736	elected as	query
1737	elected as deputy mayor in	query
1738	elected as director of	query
1739	elected as fellow of	query
1740	elected as part of	query
1741	elected as president of	query
1742	elected by	query
1743	elected for	query
1744	elected from	query
1745	elected in	query
1746	elected king of	query
1747	elected member of parliament for	query
1748	elected member of parliament in	query
1749	elected mp for	query
1750	elected on	query
1751	elected to	query
1752	elected to parliament in	query
1753	elected to succeed	query
1754	elected wong as fellow in	query
1755	election campaign in	query
1756	elector of	query
1757	elevated	query
1758	elevated himself to	query
1759	elevated to	query
1760	elevated to the mayor rank in	query
1761	eliminated	query
1762	embarked on	query
1763	embarked on tour with	query
1764	embrace	query
1765	emerged in	query
1766	emerged victorious in	query
1767	emigrant ship sinks on its way to	query
1768	emigrated from	query
1769	emigrated in	query
1770	emigrated to	query
1771	emir of	query
1772	emphasized	query
1773	employed	query
1774	employed by	query
1775	employers in	query
1776	empties into	query
1777	enabled	query
1778	enables	query
1779	enacted at	query
1780	enacted by	query
1781	enacted on	query
1782	encompasses	query
1783	encountered by	query
1784	encounters	query
1785	encouraged	query
1786	encouraged by	query
1787	endeavoured to reach	query
1788	ended	query
1789	ended by	query
1790	ended career in	query
1791	ended in	query
1792	enforced peace amongst	query
1793	enforces compliance with	query
1794	engaged in	query
1795	engaged in battle with	query
1796	engaged in collaborations with	query
1797	engaged to	query
1798	engaged with	query
1799	english title	query
1800	english translation of	query
1801	enjoyed	query
1802	enjoyed appearing at	query
1803	enjoyed by audiences when released by	query
1804	enjoyed success with	query
1805	enjoyed support from	query
1806	enjoyed the title	query
1807	enlisted for	query
1808	enlisted in	query
1809	enlisted support from	query
1810	enriched	query
1811	enriched by	query
1812	enrolled at	query
1813	enrolled in	query
1814	enrolled into	query
1815	entailed	query
1816	entered	query
1817	entered a royal marriage with	query
1818	entered film in	query
1819	entered film into	query
1820	entered in	query
1821	entered into	query
1822	entered monkhood in	query
1823	entered politics in	query
1824	entered the film industry in	query
1825	entertained at	query
1826	entitled in	query
1827	entombed in	query
1828	entombs	query
1829	entrusted to	query
1830	entry for	query
1831	episode	query
1832	episode of	query
1833	eponymous ancestor of	query
1834	equaled height with	query
1835	equivalent	query
1836	equivalent to	query
1837	erroneously identified with	query
1838	erroneously states in her memoirs that	query
1839	escaped	query
1840	escaped from	query
1841	escaped in	query
1842	escaped to	query
1843	escapes with	query
1844	escorting	query
1845	established	query
1846	established a base at	query
1847	established as	query
1848	established at	query
1849	established branches at	query
1850	established by	query
1851	established himself as	query
1852	established himself in	query
1853	established in	query
1854	established on	query
1855	establishes right to the land through	query
1856	estimated	query
1857	estranged wife of	query
1858	european touring car champion in	query
1859	evacuated	query
1860	evangelized	query
1861	events retold in	query
1862	events take place before	query
1863	eventually released in	query
1864	evolved	query
1865	evolved through	query
1866	evolved towards	query
1867	examined	query
1868	examined in	query
1869	examined issues in	query
1870	examines	query
1871	excavated by	query
1872	exchanged after	query
1873	excluded from state affairs by	query
1874	excommunicated	query
1875	executed	query
1876	executed by	query
1877	executed for	query
1878	executed on	query
1879	executive produced by	query
1880	executive producer	query
1881	executive producer of	query
1882	executive producer on	query
1883	executive producers include	query
1884	executive producers on album were	query
1885	exerted influence in	query
1886	exerted influence on	query
1887	exhibited at	query
1888	exhibited in	query
1889	exhibited with	query
1890	exhibits works of	query
1891	exiled	query
1892	exiled for	query
1893	exiled in	query
1894	exiled to	query
1895	existed from	query
1896	existed initially as	query
1897	existed until	query
1898	exists as	query
1899	exists at	query
1900	exists till	query
1901	exited the billboard top 40 in	query
1902	expanded	query
1903	expanded by	query
1904	expanded duchy to	query
1905	expanded her talents into	query
1906	expanded his rule into	query
1907	expanded in	query
1908	expanded into	query
1909	expanded north into	query
1910	expanded role in	query
1911	expanded south toward	query
1912	expanded to include	query
1913	expelled	query
1914	experienced	query
1915	experienced rebellion between	query
1916	experiences	query
1917	experimented with	query
1918	experimenting on	query
1919	expert in	query
1920	explains	query
1921	explore	query
1922	explored	query
1923	explored the boundaries between	query
1924	explored the life of	query
1925	explored using	query
1926	explores	query
1927	explores lives of	query
1928	explores representations of	query
1929	explores themes of	query
1930	expose	query
1931	expressed disappointment with	query
1932	expressed interest in	query
1933	expresses love for	query
1934	extended	query
1935	extended from	query
1936	extended power over	query
1937	fabricated by	query
1938	faced civil war with	query
1939	faced off against	query
1940	faced threats from	query
1941	faces	query
1942	factory located in	query
1943	failed in attempt to persuade	query
1944	failed in attempts to get	query
1945	failed to exploit	query
1946	failed to repay	query
1947	fall into	query
1948	falls in love with	query
1949	falls into	query
1950	famed as	query
1951	famous for	query
1952	famous for her role as	query
1953	famous friend and lover of	query
1954	famous in	query
1955	famous movie role was in	query
1956	fatally wounded	query
1957	father	query
1958	father died in	query
1959	father in law of	query
1960	father is	query
1961	father of	query
1962	father s name is	query
1963	father s name was	query
1964	father s second cousin of	query
1965	father was	query
1966	fathered	query
1967	favorite song of	query
1968	favoured	query
1969	feared	query
1970	feared by	query
1971	feast day celebrated by	query
1972	feast day celebrated in	query
1973	feast day celebrated on	query
1974	feast day in	query
1975	feast day is	query
1976	feast day is celebrated on	query
1977	feast day on	query
1978	featured	query
1979	featured a	query
1980	featured action scenes arranged by	query
1981	featured at	query
1982	featured ayumi hamasaki in	query
1983	featured ayumi hamasaki with	query
1984	featured in	query
1985	featured in movie	query
1986	featured in retrospective	query
1987	featured on	query
1988	featured prominently in	query
1989	featured the film in	query
1990	featured the song	query
1991	features	query
1992	features a score written by	query
1993	features cameos by	query
1994	features character	query
1995	features dialogue by	query
1996	features in	query
1997	features interviews with	query
1998	features language	query
1999	features production from	query
2000	features songs such as	query
2001	features the song	query
2002	features vocals from	query
2003	featuring	query
2004	featuring contributions from	query
2005	feeds	query
2006	feeds into	query
2007	fell at	query
2008	fell from grace in	query
2009	fell in	query
2010	fell sick in	query
2011	fellow of	query
2012	female equivalent of	query
2013	female lead originally opted by	query
2014	female lead played by	query
2015	feuded violently with	query
2016	feuded with	query
2017	feuding with	query
2018	fights with	query
2019	filed	query
2020	filled out in	query
2021	filling in	query
2022	film	query
2023	film debut in	query
2024	film released on	query
2025	film worked on by	query
2026	filmed	query
2027	filmed around	query
2028	filmed at	query
2029	filmed by	query
2030	filmed documentaries in	query
2031	filmed his part in	query
2032	filmed in	query
2033	filmed in bengali in	query
2034	filmed on location in	query
2035	filmed primarily in	query
2036	filmed with some	query
2037	filming began in	query
2038	filming began on	query
2039	filming continuing in	query
2040	filming lasted through	query
2041	filming primarily at	query
2042	filmmaker of	query
2043	films	query
2044	films from	query
2045	films include	query
2046	films to	query
2047	finagles	query
2048	final chapter released in	query
2049	final film as	query
2050	final film was	query
2051	final release was	query
2052	final television credits for	query
2053	finalized	query
2054	finalized by	query
2055	financed	query
2056	finds himself tumbling down	query
2057	fined by	query
2058	finished	query
2059	finished amongst the top 6 at	query
2060	finished as	query
2061	finished by	query
2062	finished eighth in	query
2063	finished eleventh at	query
2064	finished fifth at	query
2065	finished in	query
2066	finished second behind	query
2067	finished tenth at	query
2068	finished with	query
2069	firm based in	query
2070	first album release in	query
2071	first appearance in	query
2072	first appeared on a map in	query
2073	first appears on record in	query
2074	first bishop of	query
2075	first book was	query
2076	first co production between	query
2077	first director of indian descent to have a film released by	query
2078	first film adaptation of	query
2079	first film directed by	query
2080	first film in	query
2081	first film of	query
2082	first grand empress dowager in	query
2083	first husband was	query
2084	first in the series in	query
2085	first indian film with	query
2086	first international office set up in	query
2087	first issue on sale in	query
2088	first issued in	query
2089	first kannada movie to show	query
2090	first king of	query
2091	first mexican female to join	query
2092	first movie with	query
2093	first of	query
2094	first on screen acting role in	query
2095	first onscreen appearance in	query
2096	first part of	query
2097	first performed in	query
2098	first president of	query
2099	first production was	query
2100	first published in	query
2101	first recorded in	query
2102	first role as	query
2103	first single	query
2104	first story in	query
2105	first studied in	query
2106	first time as	query
2107	first wife of	query
2108	first wife was	query
2109	fitted with	query
2110	fl	query
2111	fled	query
2112	fled from	query
2113	fled to	query
2114	flew by	query
2115	flew with	query
2116	flopped at	query
2117	flourished in	query
2118	flows along	query
2119	flows east of	query
2120	flows into	query
2121	flows through	query
2122	flows to	query
2123	focused its resources on producing	query
2124	focused on	query
2125	focused on concerns of people in	query
2126	focused on conquering	query
2127	focused on enacting social reforms as part of	query
2128	focuses on	query
2129	focusing on	query
2130	follow up to	query
2131	followed	query
2132	followed a career in	query
2133	followed by	query
2134	followed in	query
2135	followed in the footsteps of	query
2136	followed up by	query
2137	follower of	query
2138	follows	query
2139	follows characters from	query
2140	follows in footsteps of	query
2141	follows the fates of	query
2142	follows the life of	query
2143	follows the making of	query
2144	follows the story of	query
2145	fomented revolt in	query
2146	for	query
2147	for girls in grades	query
2148	for residents of	query
2149	for the screenplay of	query
2150	for the song in	query
2151	for the track	query
2152	force	query
2153	forced	query
2154	forced into	query
2155	forced into exile in	query
2156	forced into marriage with	query
2157	forced the british garrison in	query
2158	forced to commit suicide by	query
2159	forced to fulfill	query
2160	forced to leave	query
2161	forced to marry	query
2162	forced to move to	query
2163	forced to work in	query
2164	forced to yield position to	query
2165	forgave	query
2166	forged a creative partnership with	query
2167	formally ended	query
2168	formally known as	query
2169	formed	query
2170	formed a trio with	query
2171	formed an alliance with	query
2172	formed by	query
2173	formed casus belli with	query
2174	formed duo with	query
2175	formed from descendants of	query
2176	formed in	query
2177	formed on	query
2178	formed the basis for	query
2179	formed under	query
2180	former	query
2181	former bassist for	query
2182	former chairman	query
2183	former chief executive officer of	query
2184	former chief minister of	query
2185	former governor of	query
2186	former king of	query
2187	former leader of	query
2188	former mayor of	query
2189	former member of	query
2190	former mla for	query
2191	former mother in law of	query
2192	former mp for	query
2193	former of	query
2194	former player of	query
2195	former spouse of	query
2196	formerly known as	query
2197	formerly occupied by	query
2198	formerly was	query
2199	forms	query
2200	forsook his papal ally for	query
2201	fostered	query
2202	fought	query
2203	fought a battle against	query
2204	fought against	query
2205	fought alongside	query
2206	fought at	query
2207	fought during	query
2208	fought for	query
2209	fought for the king in	query
2210	fought in	query
2211	fought to gain the throne of	query
2212	fought to stop the construction of	query
2213	fought under	query
2214	fought wars between	query
2215	fought with	query
2216	found	query
2217	found an entry in	query
2218	found asylum in	query
2219	found bag containing	query
2220	found dead under	query
2221	found in	query
2222	found on	query
2223	found recognition playing opposite	query
2224	found success in	query
2225	found under	query
2226	founded	query
2227	founded and owned by	query
2228	founded by	query
2229	founded in	query
2230	founded monasteries at	query
2231	founded on	query
2232	founded yrf studios with	query
2233	founder editor of	query
2234	founder of	query
2235	founding benefactor of	query
2236	founding father of	query
2237	founding member of	query
2238	fourth film scheduled for release on	query
2239	fourth of	query
2240	franchise includes	query
2241	fred raymond	query
2242	freed via	query
2243	french woman is	query
2244	frequently appears in lists of	query
2245	frequently cast	query
2246	frequently wrote film scores for	query
2247	friend of	query
2248	friendship and collaboration with	query
2249	from	query
2250	from a screenplay by	query
2251	from a story by	query
2252	from album	query
2253	from album named	query
2254	from his first wife	query
2255	from relationship with	query
2256	from screenplay by	query
2257	from the	query
2258	from the family of	query
2259	fuelled by	query
2260	fulfilled	query
2261	fulfilled the role of president of	query
2262	fulfilled the role of president of the senate from	query
2263	full german name is	query
2264	full italian name	query
2265	full name	query
2266	full name is	query
2267	full name of	query
2268	funded	query
2269	funded by	query
2270	funded primarily by	query
2271	funeral held at	query
2272	funeral took place at	query
2273	fuses	query
2274	future emperor of	query
2275	future king of	query
2276	gained	query
2277	gained commercial success in	query
2278	gained control of	query
2279	gained direct control by	query
2280	gained fame due to success of	query
2281	gained fame in the band of	query
2282	gained independence in	query
2283	gained its only ever seat in	query
2284	gained livery of estates in	query
2285	gained national critical acclaim after being published in	query
2286	gained nickname from	query
2287	gained notoriety for his actions during	query
2288	gained patronage for	query
2289	gained popularity in	query
2290	gained popularity since	query
2291	gained rank of	query
2292	gained recognition for	query
2293	gained recognition for directing	query
2294	gained recognition for role in	query
2295	gained status	query
2296	gained the support of	query
2297	gained title	query
2298	garnered	query
2299	garnered a gold certification from	query
2300	garnered attention in	query
2301	gathered support of	query
2302	gave	query
2303	gave away	query
2304	gave birth to	query
2305	gave concert	query
2306	gave concert with	query
2307	gave eldredge	query
2308	gave income from	query
2309	gave negative reviews to	query
2310	gave opportunity to	query
2311	gave ottomans a bridgehead into	query
2312	gave rise to	query
2313	gave songs sung by	query
2314	gave the north of sardinia to	query
2315	gave the south of sardinia to	query
2316	gave to	query
2317	gave up	query
2318	gave up career as	query
2319	genre	query
2320	gets its name from	query
2321	girlfriend of	query
2322	given	query
2323	given by	query
2324	given the byname	query
2325	given the laqab of	query
2326	given the title of	query
2327	given title by	query
2328	gives lead roles to	query
2329	gives life to	query
2330	gives voice to	query
2331	glorified	query
2332	goal	query
2333	godfather was	query
2334	godmothers at baptismal fount were	query
2335	godparents were	query
2336	goes undercover in	query
2337	going to make peace with	query
2338	got	query
2339	got award for	query
2340	got involved in	query
2341	got the role of	query
2342	governed	query
2343	governed by	query
2344	governed from	query
2345	governed saxe coburg eisenach with	query
2346	governess of	query
2347	governing	query
2348	governor from	query
2349	governor of	query
2350	governor until	query
2351	graduate of	query
2352	graduated after completing	query
2353	graduated from	query
2354	graduated in	query
2355	graduated with	query
2356	graduated with a degree in	query
2357	grand architect of	query
2358	grand nephew of	query
2359	granddaughter of	query
2360	grandfather of	query
2361	grandfather was	query
2362	grandmother of	query
2363	grandparent of	query
2364	grandson in law of	query
2365	grandson of	query
2366	granted	query
2367	granted fladbury to	query
2368	granted for life to	query
2369	granted indulgences to	query
2370	granted permission to	query
2371	granted the title of	query
2372	granted to	query
2373	great granddaughter of	query
2374	great grandfather is	query
2375	great grandfather of	query
2376	great grandfather to	query
2377	great grandfather was	query
2378	great grandmother of	query
2379	great grandson of	query
2380	great great granddaughter of	query
2381	great great grandfather was	query
2382	great great grandmother of	query
2383	great uncle of	query
2384	green bans against	query
2385	greenlit	query
2386	grew up in	query
2387	grew up near	query
2388	grossed	query
2389	grossed over	query
2390	grossed worldwide	query
2391	grossing	query
2392	grossing over	query
2393	grouped among	query
2394	grouped with	query
2395	guardian of	query
2396	guest rapping in	query
2397	guest starred on	query
2398	guided by	query
2399	guiding patron of	query
2400	had	query
2401	had a bit part role in	query
2402	had a brother named	query
2403	had a budget of	query
2404	had a career at	query
2405	had a career spanning over	query
2406	had a career with	query
2407	had a cenotaph with	query
2408	had a child named	query
2409	had a claim to the judgeship of	query
2410	had a close personal relationship with	query
2411	had a column in	query
2412	had a comeback hit in	query
2413	had a court battle with	query
2414	had a daughter named	query
2415	had a four episode on	query
2416	had a half brother named	query
2417	had a limited release in	query
2418	had a mistress named	query
2419	had a one off reunion show in	query
2420	had a personal seal with	query
2421	had a pipeline to	query
2422	had a population of	query
2423	had a relationship with	query
2424	had a reputation as a composer equalled by	query
2425	had a role as	query
2426	had a role in	query
2427	had a seat in	query
2428	had a sister named	query
2429	had a son named	query
2430	had a spur leading to	query
2431	had a stage career in	query
2432	had a station on	query
2433	had a studio at	query
2434	had a wife	query
2435	had a worldwide release on	query
2436	had acting debut in	query
2437	had advanced views on	query
2438	had affair with	query
2439	had aim of	query
2440	had ambitions to produce	query
2441	had an abusive marriage with	query
2442	had an affair with	query
2443	had an interest in	query
2444	had appointments at	query
2445	had army defeated by	query
2446	had as a guest on	query
2447	had been produced in	query
2448	had big impact on	query
2449	had brief cameos in	query
2450	had brother named	query
2451	had brothers named	query
2452	had budget of	query
2453	had career as soloist in	query
2454	had career at	query
2455	had career between	query
2456	had career during	query
2457	had career in	query
2458	had children	query
2459	had children in	query
2460	had children including	query
2461	had children named	query
2462	had children with	query
2463	had close relationships with	query
2464	had close ties with	query
2465	had college days at	query
2466	had conflict with	query
2467	had daughter named	query
2468	had daughters named	query
2469	had daughters who were consorts of	query
2470	had descent from	query
2471	had directing credits in	query
2472	had directing credits until	query
2473	had disagreements with	query
2474	had disciple named	query
2475	had eldest brother named	query
2476	had estates at	query
2477	had estates in	query
2478	had families	query
2479	had final film appearance in	query
2480	had first film adaptation in	query
2481	had first public performance at	query
2482	had first starring role in	query
2483	had first wife named	query
2484	had followers claiming	query
2485	had followers seeing his ministry as a sign of	query
2486	had graduated	query
2487	had hits including	query
2488	had illegitimate son	query
2489	had influence on	query
2490	had its debut at	query
2491	had its international premiere at	query
2492	had its origins in	query
2493	had its premiere at	query
2494	had its world premiere at	query
2495	had its world premiere on	query
2496	had land holdings in	query
2497	had leading role in	query
2498	had marriage with	query
2499	had monarch from	query
2500	had music by	query
2501	had musical score by	query
2502	had national success in	query
2503	had no children with	query
2504	had obligation to release	query
2505	had offices in	query
2506	had population of	query
2507	had premiere at	query
2508	had real power with	query
2509	had relations with	query
2510	had reputation for	query
2511	had role in	query
2512	had roles in	query
2513	had runway s elevation at	query
2514	had schooling at	query
2515	had second film adaptation in	query
2516	had siblings named	query
2517	had sisters named	query
2518	had son named	query
2519	had sons including	query
2520	had sons named	query
2521	had success in	query
2522	had the original name	query
2523	had the persian name	query
2524	had the title	query
2525	had title	query
2526	had title restored to	query
2527	had titles in	query
2528	had uk no  1 single in	query
2529	had unused tune	query
2530	had vassal kingdoms including	query
2531	had wife named	query
2532	hails from	query
2533	half brother of	query
2534	half german	query
2535	half sister of	query
2536	halfbrother of	query
2537	halted	query
2538	handed over territories to	query
2539	handed over the presidency to	query
2540	handled by	query
2541	handled cinematography for	query
2542	hanged at	query
2543	hanged by	query
2544	hanged himself to death at	query
2545	hanged on	query
2546	happened during	query
2547	happened during the reign of	query
2548	happened in	query
2549	happened when	query
2550	harbored	query
2551	harnessing by	query
2552	has	query
2553	has a	query
2554	has a budget of	query
2555	has a character named after	query
2556	has a crush on	query
2557	has a daughter named	query
2558	has a film institute in	query
2559	has a new video made by	query
2560	has a park named after him near	query
2561	has a predilection for	query
2562	has a relationship with	query
2563	has a road named after him in	query
2564	has a role in	query
2565	has a score by	query
2566	has a screenplay by	query
2567	has a sister named	query
2568	has a son named	query
2569	has a star on	query
2570	has actors	query
2571	has aired	query
2572	has airport on	query
2573	has album	query
2574	has alternative name	query
2575	has ambassador	query
2576	has an entry associating	query
2577	has ancestry from	query
2578	has another film based on the same novel in	query
2579	has appeared in	query
2580	has art director	query
2581	has art directors named	query
2582	has artist	query
2583	has association with	query
2584	has attendance of	query
2585	has b side	query
2586	has been	query
2587	has been a member since	query
2588	has been a sackville house since	query
2589	has been called	query
2590	has been director of	query
2591	has been nominated for	query
2592	has been performing as	query
2593	has been subject of	query
2594	has been the director of	query
2595	has been translated into	query
2596	has been vice president of	query
2597	has birth and death years	query
2598	has birth date	query
2599	has boyfriend named	query
2600	has brain implanted in	query
2601	has brother named	query
2602	has brothers named	query
2603	has business segments including	query
2604	has businesses including	query
2605	has character	query
2606	has character named	query
2607	has child with	query
2608	has children	query
2609	has children including	query
2610	has children named	query
2611	has children with	query
2612	has cinematography performed by	query
2613	has co written songs with	query
2614	has collaborated with	query
2615	has competitors including	query
2616	has conflicting release dates of	query
2617	has contributed to	query
2618	has copy of	query
2619	has corporate headquarters in	query
2620	has country code	query
2621	has courtesy name	query
2622	has danish remake	query
2623	has daughter named	query
2624	has daughters named	query
2625	has death date	query
2626	has dialogue and screenplay by	query
2627	has dialogue in	query
2628	has directed	query
2629	has directed over	query
2630	has distribution rights by	query
2631	has duration	query
2632	has english title	query
2633	has english version on album	query
2634	has episodes directed by	query
2635	has families	query
2636	has father named	query
2637	has feast day on	query
2638	has feeder middle schools including	query
2639	has film adaptation	query
2640	has flag	query
2641	has gained	query
2642	has gained views on	query
2643	has heritage number	query
2644	has hungarian title	query
2645	has interest in	query
2646	has international call prefix	query
2647	has its origin in	query
2648	has language	query
2649	has lead role	query
2650	has lead single	query
2651	has lodger	query
2652	has lyricist	query
2653	has lyrics by	query
2654	has member	query
2655	has members	query
2656	has members in	query
2657	has middle name	query
2658	has motto	query
2659	has music and lyrics written by	query
2660	has music by	query
2661	has music composed by	query
2662	has music video featuring	query
2663	has music written by	query
2664	has musical score by	query
2665	has name	query
2666	has name in	query
2667	has nationality	query
2668	has no connection with	query
2669	has no designation from	query
2670	has no relation to	query
2671	has not assumed the title	query
2672	has notable pupils including	query
2673	has offices in	query
2674	has old channels dating back	query
2675	has operations in	query
2676	has original title	query
2677	has paintings in print by	query
2678	has participants	query
2679	has personal studio called	query
2680	has player	query
2681	has politics within	query
2682	has population of	query
2683	has prints by	query
2684	has profession	query
2685	has pseudonym	query
2686	has published	query
2687	has reference number	query
2688	has reign span from	query
2689	has reign span through	query
2690	has released on	query
2691	has remixes released on	query
2692	has roots in	query
2693	has runner up	query
2694	has sales and manufacturing operations in	query
2695	has scenes shot in	query
2696	has screenplay by	query
2697	has script by	query
2698	has section	query
2699	has sequel called	query
2700	has sequel made in	query
2701	has sequel named	query
2702	has sequels named	query
2703	has sets designed by	query
2704	has shifted its bed to	query
2705	has similarities to	query
2706	has sister named	query
2707	has sold	query
2708	has song	query
2709	has song sung by	query
2710	has songs by	query
2711	has sons including	query
2712	has soundtrack	query
2713	has soundtrack by	query
2714	has source near	query
2715	has stage name	query
2716	has stage version	query
2717	has stars	query
2718	has station code	query
2719	has story by	query
2720	has story elements including	query
2721	has summit with scenery of	query
2722	has supporting cast including	query
2723	has the makings of	query
2724	has the same name as	query
2725	has theme similar to	query
2726	has title	query
2727	has title in	query
2728	has twin brother named	query
2729	has upcoming studio album named	query
2730	has variant	query
2731	has variation in	query
2732	has version	query
2733	has winner	query
2734	has wins and nominations at	query
2735	has won	query
2736	has written	query
2737	has written lyrics for	query
2738	has written screenplays for	query
2739	has written songs for	query
2740	have	query
2741	have managed to adapt	query
2742	head coach for	query
2743	head of	query
2744	headed	query
2745	headed by	query
2746	headed committee that examined issues in	query
2747	headquartered at	query
2748	headquartered in	query
2749	headquarters in	query
2750	heads	query
2751	health gave out under	query
2752	hears	query
2753	heart buried in	query
2754	heir apparent	query
2755	heir from	query
2756	heir of	query
2757	heir presumptive to	query
2758	heir to	query
2759	heir to the throne of	query
2760	heiress of	query
2761	heiress to	query
2762	held	query
2763	held a rival court with	query
2764	held a seat in	query
2765	held a synod at	query
2766	held an academic conference at	query
2767	held appointments during the reign of	query
2768	held appointments in	query
2769	held apulia with the assistance of	query
2770	held at	query
2771	held by	query
2772	held commands in	query
2773	held concert in	query
2774	held cremation of	query
2775	held high posts in	query
2776	held in	query
2777	held incumbencies at	query
2778	held livings in	query
2779	held meetings at	query
2780	held office between	query
2781	held office from	query
2782	held office until	query
2783	held on	query
2784	held position as	query
2785	held position at	query
2786	held position from	query
2787	held position until	query
2788	held post at	query
2789	held post of	query
2790	held post until	query
2791	held posts in	query
2792	held rank of	query
2793	held that	query
2794	held the national record in	query
2795	held the office of	query
2796	held the offices of	query
2797	held the position from	query
2798	held the position of	query
2799	held the position until	query
2800	held the positions of	query
2801	held the post of	query
2802	held the rank of	query
2803	held the record for longest continuous run of a bengali language movie in	query
2804	held the throne of	query
2805	held the title of	query
2806	held title of	query
2807	helped	query
2808	helped create and enforce	query
2809	helped design	query
2810	helped evolution of	query
2811	helped found	query
2812	helped other authors to get published through	query
2813	helped popularize	query
2814	helped produce	query
2815	helped rescue	query
2816	helped to cement	query
2817	helped to develop	query
2818	helped to finance	query
2819	helped to launch the career of	query
2820	helped write	query
2821	helps	query
2822	hereditary banneret of	query
2823	hesitant to admit	query
2824	hidden	query
2825	hidden in	query
2826	hiding	query
2827	high king of	query
2828	high score was	query
2829	high sheriff of	query
2830	highest charting was	query
2831	highlighted	query
2832	hired	query
2833	hired by	query
2834	hired for	query
2835	hired in	query
2836	hired to direct	query
2837	hired to find	query
2838	hispanicized spelling is	query
2839	historically a	query
2840	hit number one on	query
2841	hit on chart	query
2842	hit singles included	query
2843	holder of	query
2844	holding	query
2845	holds	query
2846	holds a ba in	query
2847	holds a major in	query
2848	holds a minor in	query
2849	holds a portrait of	query
2850	holds an mfa in	query
2851	holds collection of	query
2852	holds position of	query
2853	holds the title of	query
2854	holds title of	query
2855	hometown of	query
2856	honorary consul of	query
2857	honored	query
2858	honored as	query
2859	honored at	query
2860	honored by	query
2861	honored into	query
2862	honored with	query
2863	honors	query
2864	honoured by	query
2865	honoured in	query
2866	honoured on	query
2867	honoured with	query
2868	hoped for	query
2869	hopes to marry	query
2870	horse voted	query
2871	host	query
2872	host of	query
2873	host of the effort from	query
2874	hosted	query
2875	hosted a music show on	query
2876	hosted by	query
2877	hosted morning radio on	query
2878	hosted movies like	query
2879	hosted reality show	query
2880	hosted the effort from	query
2881	hostile to	query
2882	hosting a party in	query
2883	hosts	query
2884	house designed by	query
2885	house extended to include	query
2886	housed in	query
2887	houses	query
2888	hunt	query
2889	hunted down	query
2890	husband	query
2891	husband and co ruler	query
2892	husband of	query
2893	husband was	query
2894	identified	query
2895	identified by	query
2896	illegitimate daughter of	query
2897	illegitimate son of	query
2898	illustrate	query
2899	illustrated	query
2900	illustrated by	query
2901	illustrates	query
2902	imagined	query
2903	imitated	query
2904	immigrant from	query
2905	immigrated to	query
2906	immortalised	query
2907	impacted	query
2908	impeached by	query
2909	impeached with	query
2910	implemented	query
2911	important advisor of	query
2912	imposed	query
2913	imposed authority in	query
2914	impresario of	query
2915	imprisoned	query
2916	imprisoned after buying	query
2917	imprisoned for involvement in	query
2918	imprisoned in	query
2919	in	query
2920	in a supporting role in	query
2921	in alliance with	query
2922	in association with	query
2923	in charge of	query
2924	in collaboration with	query
2925	in command of	query
2926	in conjunction with	query
2927	in dutch is	query
2928	in favor of	query
2929	in language	query
2930	in lead roles	query
2931	in line of succession to the throne of	query
2932	in order to increase public support for	query
2933	in relationship with	query
2934	in the category of	query
2935	in the courts of	query
2936	in the reign of	query
2937	in the service of	query
2938	in the style of	query
2939	include	query
2940	included	query
2941	included actions in	query
2942	included in	query
2943	included in album	query
2944	included in exhibitions of	query
2945	included into	query
2946	included lyrics on album	query
2947	included on	query
2948	included song in	query
2949	included territory of	query
2950	includes	query
2951	includes appearances from	query
2952	includes cast members	query
2953	includes dialog in	query
2954	includes footage from	query
2955	includes interviews with	query
2956	includes land on	query
2957	includes parody of	query
2958	includes song	query
2959	includes stock footage from	query
2960	including	query
2961	incorporated	query
2962	incorporated in	query
2963	incorporated lead character from	query
2964	incorporated music from	query
2965	incorporates elements of	query
2966	incorporates the music of	query
2967	increased	query
2968	increased power of	query
2969	increased profile with release of	query
2970	increased the level and prevalence of	query
2971	indexed into	query
2972	indicated	query
2973	indicates	query
2974	indifferent to	query
2975	inducted	query
2976	inducted in	query
2977	inducted into	query
2978	inducted on	query
2979	inducted to	query
2980	infamous massacre in	query
2981	inferred to have lived longer in	query
2982	infiltrate	query
2983	influenced	query
2984	influenced by	query
2985	influenced the development of	query
2986	influences	query
2987	influential figure in	query
2988	influential in	query
2989	informally called	query
2990	informed	query
2991	informed that	query
2992	inhabited by	query
2993	inherited	query
2994	inherited by	query
2995	inherited from	query
2996	inherited in	query
2997	inherited rule in	query
2998	inherited the earldom from	query
2999	inherited the position as head of	query
3000	inherited the title of	query
3001	inherited title from	query
3002	inherited title in	query
3003	inherited titles in	query
3004	inherited titles of	query
3005	inherits	query
3006	initially began as	query
3007	initially buried in	query
3008	initially directed by	query
3009	initially released in	query
3010	initially storyboarded by	query
3011	initially worked in	query
3012	initiate into	query
3013	initiated	query
3014	initiated hostility in	query
3015	initiated in	query
3016	injuries sustained in	query
3017	injury occurred prior to his death	query
3018	innovated syncretic style in	query
3019	inserted in	query
3020	insists on	query
3021	inspiration of	query
3022	inspired	query
3023	inspired by	query
3024	inspired by the same story as	query
3025	inspired from	query
3026	inspired to retire from acting by	query
3027	installed	query
3028	installed after the death of	query
3029	installed as	query
3030	instigated	query
3031	instigated a policy of	query
3032	instituted programs for	query
3033	instructor in	query
3034	instructor was	query
3035	instrumental in developing	query
3036	instrumentation by	query
3037	integrated functions of	query
3038	integrated into	query
3039	intended	query
3040	intended as heir of	query
3041	intended for	query
3042	intended for film by	query
3043	intended to claim the throne in	query
3044	intended to complete the story arcs for	query
3045	intended to simulate	query
3046	intended to take	query
3047	interacts with	query
3048	interchanged with	query
3049	interested in	query
3050	interests include	query
3051	interlocks passion for music with	query
3052	internationally released as	query
3053	interned in	query
3054	interprets a story from	query
3055	interred at	query
3056	interred in	query
3057	interrogates	query
3058	interrupted reign of	query
3059	intersected by	query
3060	intervened in	query
3061	interviewed	query
3062	interviewed by	query
3063	intimidated	query
3064	introduced	query
3065	introduced as	query
3066	introduced in	query
3067	introduced reforms to dismantle	query
3068	introduced to literature by	query
3069	introduced unofficially in	query
3070	introduces audiences to	query
3071	invaded	query
3072	invaded by	query
3073	invaded territories of	query
3074	invent	query
3075	invented	query
3076	invested	query
3077	invested  100 000 for	query
3078	invested as	query
3079	invested in	query
3080	invested three papal legates with the organization of the church in	query
3081	investigate	query
3082	investigated	query
3083	investigated followers of	query
3084	investigates	query
3085	investigates with	query
3086	invited	query
3087	invited to become	query
3088	invited to become a member of	query
3089	invites	query
3090	involve	query
3091	involved	query
3092	involved in	query
3093	involved in business activities in	query
3094	involved in business as	query
3095	involved in collision in	query
3096	involved in conflict with	query
3097	involved in establishment of	query
3098	involved in writing process in	query
3099	involved with	query
3100	involves	query
3101	irrigated villages in	query
3102	is	query
3103	is a	query
3104	is a bonus expansion to	query
3105	is a book by	query
3106	is a branch of	query
3107	is a cadet branch of	query
3108	is a cartoon directed by	query
3109	is a case in	query
3110	is a category in	query
3111	is a character in	query
3112	is a chart on	query
3113	is a child of	query
3114	is a citizen of	query
3115	is a co founder of	query
3116	is a co production among	query
3117	is a commune in	query
3118	is a corresponding member of	query
3119	is a daughter of	query
3120	is a development initiative of	query
3121	is a director of	query
3122	is a discipline of	query
3123	is a district of	query
3124	is a division of	query
3125	is a documentary by	query
3126	is a documentary directed by	query
3127	is a documentary movie of	query
3128	is a dynasty in	query
3129	is a euphemism for	query
3130	is a fan favorite in	query
3131	is a fan of	query
3132	is a film about	query
3133	is a film based on	query
3134	is a film based upon	query
3135	is a film by	query
3136	is a film called	query
3137	is a film co written with	query
3138	is a film directed by	query
3139	is a film from	query
3140	is a film in	query
3141	is a film in which	query
3142	is a film of	query
3143	is a film produced by	query
3144	is a film released as	query
3145	is a film released by	query
3146	is a film released in	query
3147	is a film released on	query
3148	is a film starring	query
3149	is a film written by	query
3150	is a form of	query
3151	is a former lagoon of	query
3152	is a former professional tennis player from	query
3153	is a former rapper of	query
3154	is a founding member of	query
3155	is a genus in	query
3156	is a genus of	query
3157	is a governor for	query
3158	is a graduate of	query
3159	is a great grandson of	query
3160	is a group of	query
3161	is a half sister to	query
3162	is a hit song by	query
3163	is a journalist with	query
3164	is a k a	query
3165	is a liaison with	query
3166	is a locality in	query
3167	is a mashup of	query
3168	is a member of	query
3169	is a memoir of	query
3170	is a mine in	query
3171	is a mountain in	query
3172	is a movie directed by	query
3173	is a musician in	query
3174	is a narration of	query
3175	is a natural son of	query
3176	is a novel by	query
3177	is a part of	query
3178	is a plant of the genus	query
3179	is a play by	query
3180	is a prince of	query
3181	is a prince royal of	query
3182	is a princess of	query
3183	is a professor at	query
3184	is a professor of	query
3185	is a professor of physics emeritus at	query
3186	is a pseudonym of	query
3187	is a re recording of	query
3188	is a recording of	query
3189	is a reference to	query
3190	is a relative of	query
3191	is a remake of	query
3192	is a riding in	query
3193	is a river in	query
3194	is a river of	query
3195	is a rural locality in	query
3196	is a satire of	query
3197	is a scholar of	query
3198	is a second cousin of	query
3199	is a sequel of	query
3200	is a sequel to	query
3201	is a series by	query
3202	is a series featuring	query
3203	is a series of	query
3204	is a series on	query
3205	is a shade of	query
3206	is a short form of	query
3207	is a singer of	query
3208	is a single by	query
3209	is a single from	query
3210	is a son of	query
3211	is a song by	query
3212	is a song from	query
3213	is a song in	query
3214	is a song of	query
3215	is a song on	query
3216	is a song recorded by	query
3217	is a song written by	query
3218	is a species of	query
3219	is a spoof of	query
3220	is a stream in	query
3221	is a studio album by	query
3222	is a study of	query
3223	is a sub group of	query
3224	is a subdivision of	query
3225	is a subgenre of	query
3226	is a teacher of	query
3227	is a team in	query
3228	is a team of	query
3229	is a technique for	query
3230	is a theme in	query
3231	is a track on	query
3232	is a tributary of	query
3233	is a trustee of	query
3234	is a tv series called	query
3235	is a type of	query
3236	is a version of	query
3237	is a village in	query
3238	is a village located in	query
3239	is a village near	query
3240	is abbreviated as	query
3241	is about	query
3242	is accompaniment to	query
3243	is acquired by	query
3244	is active in	query
3245	is adaptation of	query
3246	is adapted by	query
3247	is adapted from	query
3248	is affiliated to	query
3249	is agency of	query
3250	is aided in investigation by	query
3251	is aimed at	query
3252	is also	query
3253	is also called	query
3254	is also known as	query
3255	is also referred to as	query
3256	is alternatively known as	query
3257	is alumnus of	query
3258	is an	query
3259	is an adaptation of	query
3260	is an answer song to	query
3261	is an imitator of	query
3262	is an imprint of	query
3263	is an island in	query
3264	is ancestor of	query
3265	is another name for	query
3266	is appointed as	query
3267	is approximately	query
3268	is archduke of	query
3269	is associated with	query
3270	is at	query
3271	is at the end of	query
3272	is author in	query
3273	is author of	query
3274	is available for	query
3275	is awarded to	query
3276	is band of	query
3277	is based in	query
3278	is based on	query
3279	is based on events of	query
3280	is based on novel by	query
3281	is based on the life of	query
3282	is being distributed by	query
3283	is being distributed in	query
3284	is believed to be	query
3285	is best known for	query
3286	is best known for the songs	query
3287	is best remembered for	query
3288	is between	query
3289	is bishop of	query
3290	is bordered by	query
3291	is born in	query
3292	is born on	query
3293	is brother of	query
3294	is brother to	query
3295	is buried at	query
3296	is buried in	query
3297	is by	query
3298	is by artist	query
3299	is called	query
3300	is canon to	query
3301	is captured with	query
3302	is chairman of	query
3303	is characterized by	query
3304	is close to	query
3305	is closely associated with	query
3306	is closely connected to	query
3307	is closely linked to	query
3308	is co owner of	query
3309	is considered	query
3310	is considered as	query
3311	is considered as turning point of the career of	query
3312	is considered the founder of	query
3313	is considered to be	query
3314	is considered to be the progenitor of	query
3315	is consort of	query
3316	is convinced by	query
3317	is count of	query
3318	is countess of	query
3319	is countess von	query
3320	is cousin of	query
3321	is credited as	query
3322	is crime novel released in	query
3323	is currently	query
3324	is currently fourth in line to the throne of	query
3325	is currently the executive producer of	query
3326	is daughter of	query
3327	is decorated with	query
3328	is depicted in	query
3329	is deputy editor at	query
3330	is derived from	query
3331	is descendant from	query
3332	is described as	query
3333	is different from	query
3334	is directed by	query
3335	is directing	query
3336	is director of	query
3337	is director of orchestras at	query
3338	is distributed by	query
3339	is divided into	query
3340	is duchess of	query
3341	is duke of	query
3342	is elder brother of	query
3343	is elder sister of	query
3344	is emblematic of the weakness of	query
3345	is empress of	query
3346	is entitled	query
3347	is episode of	query
3348	is executed by	query
3349	is exhibited in	query
3350	is extant at	query
3351	is father of	query
3352	is first husband of	query
3353	is first installment in	query
3354	is fluent in	query
3355	is followed by	query
3356	is for	query
3357	is founder of	query
3358	is founding member of	query
3359	is from	query
3360	is from album	query
3361	is from the album	query
3362	is full sister of	query
3363	is governor in	query
3364	is governor of	query
3365	is grand master of	query
3366	is grandchild of	query
3367	is granddaughter of	query
3368	is grandfather of	query
3369	is grandmother of	query
3370	is grandson of	query
3371	is great granddaughter of	query
3372	is great grandson of	query
3373	is great great great grandmother of	query
3374	is half brother of	query
3375	is head of	query
3376	is heiress of	query
3377	is historical source for	query
3378	is host of	query
3379	is housed at	query
3380	is husband of	query
3381	is illegitimate son of	query
3382	is in	query
3383	is in honor of	query
3384	is in latin	query
3385	is in love with	query
3386	is in series of	query
3387	is in the film	query
3388	is in the line of succession to	query
3389	is in the line of succession to the throne of	query
3390	is in the supporting cast of	query
3391	is installment of	query
3392	is involved in relationship with	query
3393	is issued on	query
3394	is journalist at	query
3395	is killed by	query
3396	is king of	query
3397	is known as	query
3398	is known as the author of	query
3399	is known for	query
3400	is known for directing	query
3401	is known for role in	query
3402	is known from	query
3403	is known in	query
3404	is known internationally as	query
3405	is known locally as	query
3406	is known professionally as	query
3407	is known to have been in	query
3408	is likely the inspiration for	query
3409	is listed on	query
3410	is located a mile to the south of	query
3411	is located at	query
3412	is located east of	query
3413	is located in	query
3414	is located near	query
3415	is located north of	query
3416	is located on	query
3417	is located outside	query
3418	is located southeast of	query
3419	is located to the west of	query
3420	is located west of	query
3421	is lord of	query
3422	is lured back into service by	query
3423	is maker of	query
3424	is managed by	query
3425	is margrave of	query
3426	is married to	query
3427	is marshal of	query
3428	is member of	query
3429	is mentioned in	query
3430	is missing since	query
3431	is misspelled as	query
3432	is most famous for directing	query
3433	is mother of	query
3434	is musical director of	query
3435	is named	query
3436	is named after	query
3437	is named for	query
3438	is named in	query
3439	is native of	query
3440	is near	query
3441	is neighbor of	query
3442	is nephew of	query
3443	is nicknamed	query
3444	is niece of	query
3445	is north of	query
3446	is northeast of	query
3447	is northwest of	query
3448	is not named after	query
3449	is novel by	query
3450	is now conductor emeritus of	query
3451	is of	query
3452	is of descent	query
3453	is of nationality	query
3454	is often called	query
3455	is older brother of	query
3456	is older than	query
3457	is on	query
3458	is on album	query
3459	is on loan from	query
3460	is on the border of	query
3461	is one entry in	query
3462	is one of	query
3463	is one of the most important educational institutions in	query
3464	is organized into	query
3465	is originally titled	query
3466	is owned by	query
3467	is owner and designer of	query
3468	is parent of	query
3469	is part of	query
3470	is part of adaption of	query
3471	is part of cast in	query
3472	is part of series	query
3473	is part of series called	query
3474	is part of the name of	query
3475	is part of the series	query
3476	is part of trilogy with	query
3477	is patriarch of	query
3478	is patron of	query
3479	is persian for	query
3480	is portrayed by	query
3481	is presented in a more favorable way by	query
3482	is president of	query
3483	is prince of	query
3484	is produced by	query
3485	is professionally known as	query
3486	is proposed as the title for	query
3487	is protagonist in	query
3488	is pseudonym of	query
3489	is published by	query
3490	is published in	query
3491	is queen of	query
3492	is recognised as	query
3493	is recognized by	query
3494	is recorded by	query
3495	is recorded in works of	query
3496	is referred to as	query
3497	is regarded as	query
3498	is reissue title of	query
3499	is related to	query
3500	is released by	query
3501	is remake of	query
3502	is remembered as	query
3503	is remembered for	query
3504	is remembered in	query
3505	is responsible for	query
3506	is revered as	query
3507	is ruler of	query
3508	is run by	query
3509	is scheduled to be released on	query
3510	is sequel of	query
3511	is sequel to	query
3512	is served by	query
3513	is set in	query
3514	is similar in melody to	query
3515	is single from	query
3516	is sister of	query
3517	is sister to	query
3518	is situated at the border of	query
3519	is situated in	query
3520	is situated on the border of	query
3521	is sometimes called	query
3522	is sometimes referred to as	query
3523	is son of	query
3524	is south of	query
3525	is southeast of	query
3526	is sovereign lord of	query
3527	is spelled as	query
3528	is spoken in	query
3529	is spoof of	query
3530	is spouse of	query
3531	is stepfather of	query
3532	is subject of	query
3533	is subsidiary of	query
3534	is succeeded by	query
3535	is suffering because	query
3536	is sung by	query
3537	is the	query
3538	is the 14th great grandmother of	query
3539	is the 15th great grandmother of	query
3540	is the 16th great grandmother of	query
3541	is the 17th cousin of	query
3542	is the 17th great grandmother of	query
3543	is the 6th cousin of	query
3544	is the administrative center of	query
3545	is the alias of	query
3546	is the author of	query
3547	is the b side of	query
3548	is the banner of	query
3549	is the birthplace of	query
3550	is the brother of	query
3551	is the captain of	query
3552	is the chief justice of	query
3553	is the child of	query
3554	is the consort of	query
3555	is the count of	query
3556	is the cousin of	query
3557	is the current dutch king of	query
3558	is the current head of	query
3559	is the current king of	query
3560	is the daughter of	query
3561	is the denomination of	query
3562	is the director of	query
3563	is the duchess consort of	query
3564	is the duchess of	query
3565	is the duke of	query
3566	is the editor of	query
3567	is the elder brother of	query
3568	is the elder son of	query
3569	is the eldest brother of	query
3570	is the eldest child of	query
3571	is the eldest grandson of	query
3572	is the eldest son of	query
3573	is the english title of	query
3574	is the father in law of	query
3575	is the father of	query
3576	is the fifth cousin of	query
3577	is the fifth installment in	query
3578	is the first child of	query
3579	is the first duke of	query
3580	is the first sequel to	query
3581	is the first son of	query
3582	is the first tributary of	query
3583	is the former first lady of	query
3584	is the founder of	query
3585	is the french name for	query
3586	is the french title of	query
3587	is the grand duke of	query
3588	is the granddaughter of	query
3589	is the grandfather of	query
3590	is the grandmother of	query
3591	is the grandson of	query
3592	is the great grandchild of	query
3593	is the great granddaughter of	query
3594	is the great grandfather of	query
3595	is the great grandmother of	query
3596	is the great grandson of	query
3597	is the great great grandfather of	query
3598	is the great great grandson of	query
3599	is the great great great grandson of	query
3600	is the half sister of	query
3601	is the head of	query
3602	is the heir of	query
3603	is the hindi word for	query
3604	is the host of	query
3605	is the husband of	query
3606	is the illegitimate son of	query
3607	is the king of	query
3608	is the landgrave of	query
3609	is the last	query
3610	is the last king of	query
3611	is the lead singer of	query
3612	is the lord chamberlain of	query
3613	is the margrave of	query
3614	is the maternal aunt of	query
3615	is the maternal grandmother of	query
3616	is the mayor of	query
3617	is the member of	query
3618	is the modern day name of	query
3619	is the mother in law of	query
3620	is the mother of	query
3621	is the name for	query
3622	is the name of	query
3623	is the nearest regional town of	query
3624	is the neighboring empire of	query
3625	is the nephew of	query
3626	is the niece of	query
3627	is the ninth film in	query
3628	is the older brother of	query
3629	is the oldest daughter of	query
3630	is the parent of	query
3631	is the pen name for	query
3632	is the place of death of	query
3633	is the predecessor of	query
3634	is the present king of	query
3635	is the president of	query
3636	is the pretender to	query
3637	is the prime minister of	query
3638	is the princess consort of	query
3639	is the principal nom de plume of	query
3640	is the same person as	query
3641	is the second cousin of	query
3642	is the second daughter of	query
3643	is the second queen of	query
3644	is the second son of	query
3645	is the sequel of	query
3646	is the sequel to	query
3647	is the sibling of	query
3648	is the singer of	query
3649	is the sister in law of	query
3650	is the sister of	query
3651	is the son of	query
3652	is the spouse of	query
3653	is the stage name of	query
3654	is the studio of	query
3655	is the successor of	query
3656	is the third cousin of	query
3657	is the third installment in	query
3658	is the third installment of	query
3659	is the third son of	query
3660	is the third wife of	query
3661	is the title of	query
3662	is the twin sister of	query
3663	is the uncle of	query
3664	is the wife of	query
3665	is the younger sister of	query
3666	is the youngest child of	query
3667	is the youngest daughter of	query
3668	is the youngest of four children of	query
3669	is the youngest son of	query
3670	is the youngest surviving child of	query
3671	is thought to be	query
3672	is thought to be daughter of	query
3673	is thought to have been king of	query
3674	is titled	query
3675	is titled as	query
3676	is titled in	query
3677	is uncle of	query
3678	is unlocked by	query
3679	is used in	query
3680	is wife of	query
3681	is written by	query
3682	is younger brother of	query
3683	is youngest child of	query
3684	issued	query
3685	issued around the same time as	query
3686	issued by	query
3687	issued on	query
3688	italian translation is	query
3689	jingle is	query
3690	joined	query
3691	joined alliance with	query
3692	joined campaign with	query
3693	joined during	query
3694	joined forces with	query
3695	joined in	query
3696	joined the	query
3697	joined the campaign of	query
3698	joined the forces of	query
3699	joins	query
3700	joint academic venture with	query
3701	joint king with	query
3702	joint warden of	query
3703	jointly commanded	query
3704	jointly ruled with	query
3705	journal of	query
3706	journal published as	query
3707	journey across	query
3708	juxtaposes	query
3709	kept	query
3710	kept his residence in	query
3711	kept surname	query
3712	khan of	query
3713	kicked off the career of	query
3714	kidnapped and beheaded by	query
3715	kidnapped by	query
3716	killed	query
3717	killed at	query
3718	killed at the hands of	query
3719	killed by	query
3720	killed during	query
3721	killed in	query
3722	killed in action near	query
3723	killed in battle at	query
3724	killed on	query
3725	killer of	query
3726	king of	query
3727	knew	query
3728	knighted	query
3729	knighted by	query
3730	knighted in	query
3731	knighted on	query
3732	knocked off	query
3733	knocked the bar off with their poles at	query
3734	known as	query
3735	known by	query
3736	known for	query
3737	known for collaborations with	query
3738	known for contributions to	query
3739	known for designs of	query
3740	known for directing	query
3741	known for her role in	query
3742	known for her roles in	query
3743	known for his role in	query
3744	known for his work with	query
3745	known for movies with	query
3746	known for performance in	query
3747	known for playing	query
3748	known for playing the role of	query
3749	known for portraying	query
3750	known for producing	query
3751	known for role in	query
3752	known for roles in	query
3753	known for starring in	query
3754	known for working with	query
3755	known for works in	query
3756	known for works with	query
3757	known for writing	query
3758	known from	query
3759	known in	query
3760	known professionally as	query
3761	known through	query
3762	known to wear	query
3763	labeled as	query
3764	labelled	query
3765	lack of	query
3766	laid claim to	query
3767	laid to rest in	query
3768	landed first acting role in	query
3769	landgrave of	query
3770	landgravine of	query
3771	language	query
3772	language of	query
3773	language of instruction was	query
3774	largest in	query
3775	last earl of carlisle to own	query
3776	last entry in	query
3777	last film appearance in	query
3778	last film for	query
3779	last film released in	query
3780	last film was	query
3781	last in	query
3782	last issued in	query
3783	last king of	query
3784	last motion picture	query
3785	last movie directed by	query
3786	last movie was	query
3787	last of	query
3788	last played for	query
3789	last played in	query
3790	last recorded count of	query
3791	last release was	query
3792	last ruler of	query
3793	last spanish governor of	query
3794	last to star	query
3795	last two films as director were	query
3796	later	query
3797	later adapted as	query
3798	later became	query
3799	later became emir of	query
3800	later became known as	query
3801	later directed	query
3802	later filmed at	query
3803	later known as	query
3804	later passed to	query
3805	later recorded by	query
3806	later renamed	query
3807	later renamed to	query
3808	later resumed in	query
3809	later reverted to	query
3810	later styled to	query
3811	latest features are	query
3812	launched	query
3813	launched at	query
3814	launched by	query
3815	launched career as	query
3816	launched development project for	query
3817	launched in	query
3818	launched in place of	query
3819	launched on	query
3820	launched the career of	query
3821	lay abbot of	query
3822	lead role	query
3823	lead role played by	query
3824	lead vocalist of	query
3825	leading the events of	query
3826	leads	query
3827	learned	query
3828	learned english from	query
3829	learned instruments with	query
3830	learned to play	query
3831	learns to read english using	query
3832	leased	query
3833	leased by	query
3834	leased to	query
3835	lectured at	query
3836	lectured in	query
3837	lectured on	query
3838	lectures at	query
3839	led	query
3840	led a party of gentlemen including	query
3841	led army in	query
3842	led attack against	query
3843	led by	query
3844	led campaign against	query
3845	led campaign in	query
3846	led communications at	query
3847	led crusaders in	query
3848	led division in	query
3849	led his own group in	query
3850	led raid on	query
3851	led raids against	query
3852	led rebellion on	query
3853	led revolt against	query
3854	led the attack against	query
3855	led the rebellion in	query
3856	led the troops in the late struggle on	query
3857	led to	query
3858	led to evacuation of	query
3859	led to nomination at	query
3860	led to the approval of	query
3861	led troops in pursuit of	query
3862	left	query
3863	left a son named	query
3864	left a son who would later ascend to the throne as	query
3865	left daughters named	query
3866	left estate to	query
3867	left filmmaking and trained	query
3868	left for	query
3869	left his share to	query
3870	left in	query
3871	left inscription at	query
3872	left italy for	query
3873	left most of his property to	query
3874	left over a dispute with	query
3875	left sons named	query
3876	left the band for	query
3877	left to fight with	query
3878	left wealth to	query
3879	legalized	query
3880	legalized under	query
3881	legally changed his name to	query
3882	legislation passed by	query
3883	legitimated by	query
3884	lends his name to	query
3885	length is	query
3886	lent her voice to	query
3887	libretto by	query
3888	licensed to	query
3889	lies about	query
3890	lies beside	query
3891	lies between	query
3892	lies near	query
3893	lies north east of	query
3894	lies north of	query
3895	lies northeast of	query
3896	lies south of	query
3897	lies south of the peak of	query
3898	lies south west of	query
3899	lies southeast of	query
3900	lies southwest of	query
3901	liked by	query
3902	likened to	query
3903	limited release on	query
3904	limited the power of	query
3905	linked to	query
3906	linked with	query
3907	lip synced by	query
3908	listed	query
3909	listed as	query
3910	listed in	query
3911	listed on	query
3912	listed to compete at	query
3913	literal title	query
3914	literally translates as	query
3915	lived as	query
3916	lived at	query
3917	lived between	query
3918	lived during	query
3919	lived from	query
3920	lived in	query
3921	lived in the reign of	query
3922	lived in the time of	query
3923	lived near	query
3924	lived on	query
3925	lived to see	query
3926	lived to the age of	query
3927	lived under	query
3928	lived until	query
3929	lived with	query
3930	lives in	query
3931	living in	query
3932	living on the border with	query
3933	located	query
3934	located 3 2 km southwest of	query
3935	located about	query
3936	located along	query
3937	located along the road connecting	query
3938	located at	query
3939	located between	query
3940	located east northeast of	query
3941	located east of	query
3942	located in	query
3943	located near	query
3944	located near to	query
3945	located north of	query
3946	located northeast of	query
3947	located northwest of	query
3948	located on	query
3949	located west of	query
3950	location	query
3951	location of	query
3952	looked after	query
3953	looked to	query
3954	loosely adapted from	query
3955	loosely based on	query
3956	looted	query
3957	lord lieutenant of	query
3958	lord of	query
3959	lord zu	query
3960	lordship faced resistance from	query
3961	lost	query
3962	lost at	query
3963	lost his arm in	query
3964	lost his arm on	query
3965	lost his leg during	query
3966	lost his life in	query
3967	lost his singing voice in	query
3968	lost powers under	query
3969	lost title after	query
3970	lost to	query
3971	lost wielu  due to rebellion of	query
3972	love interest of	query
3973	lyrics added by	query
3974	lyrics by	query
3975	lyrics concern	query
3976	lyrics written by	query
3977	lyrics wrote by	query
3978	mac version developed by	query
3979	mac version published by	query
3980	made	query
3981	made a cameo in	query
3982	made a county in	query
3983	made a deal with	query
3984	made a decisive break from	query
3985	made a donation to	query
3986	made a freeman in	query
3987	made a freeman of	query
3988	made a hard hitting story about	query
3989	made a treaty with	query
3990	made acquaintance of	query
3991	made acting debut in	query
3992	made after	query
3993	made an agreement with	query
3994	made appearance in	query
3995	made as a response to	query
3996	made at	query
3997	made attempts to assert claims against	query
3998	made available as	query
3999	made available for purchase on	query
4000	made back to back with	query
4001	made baron herbert in	query
4002	made breakthrough by throwing	query
4003	made by	query
4004	made by the same team as	query
4005	made cameo appearance in	query
4006	made cameo appearances on	query
4007	made career in	query
4008	made claim to english throne in	query
4009	made contributions to	query
4010	made debut against	query
4011	made debut as	query
4012	made debut at	query
4013	made debut for	query
4014	made debut in	query
4015	made debut on	query
4016	made debut with	query
4017	made directoral debut in	query
4018	made directorial debut in	query
4019	made directorial debut with	query
4020	made discoveries in	query
4021	made donation to	query
4022	made during	query
4023	made earl of worcester in	query
4024	made film debut in	query
4025	made films about	query
4026	made films in	query
4027	made films including	query
4028	made films with	query
4029	made final film appearance in	query
4030	made first appearance in	query
4031	made for	query
4032	made foray into cinema as associate to	query
4033	made fortune during	query
4034	made her film debut in	query
4035	made his debut in first class cricket at	query
4036	made his directorial debut with	query
4037	made his first film in	query
4038	made history on	query
4039	made history with	query
4040	made in	query
4041	made international debut against	query
4042	made into	query
4043	made its premiere television broadcast on	query
4044	made literary debut with	query
4045	made movies in	query
4046	made of	query
4047	made on location in	query
4048	made plans for	query
4049	made popular	query
4050	made professional debut at	query
4051	made propaganda films for	query
4052	made provision for	query
4053	made re entries on	query
4054	made records for	query
4055	made reference on	query
4056	made reference to	query
4057	made reforms in	query
4058	made screen debut in	query
4059	made simultaneously with	query
4060	made single	query
4061	made tamil film debut in	query
4062	made the film at	query
4063	made using actors from	query
4064	maiden name	query
4065	mainly active in	query
4066	maintained by	query
4067	maintained correspondence with	query
4068	maintained peace in	query
4069	maintained salon in	query
4070	maintains	query
4071	maintains publishing office in	query
4072	maintains rivalry with	query
4073	major distributor of	query
4074	majored in	query
4075	majority being	query
4076	majority owned by	query
4077	makes	query
4078	makes appearance in	query
4079	makes deal with	query
4080	makes use of	query
4081	male equivalent of	query
4082	managed	query
4083	managed by	query
4084	managing editor is	query
4085	manipulated by	query
4086	manufactured	query
4087	manufactures	query
4088	marched against	query
4089	marched from	query
4090	marched on	query
4091	marched troops towards	query
4092	marched with	query
4093	marginalized	query
4094	margrave of	query
4095	marked	query
4096	marked the film debut of	query
4097	marketed	query
4098	marketed as	query
4099	marks	query
4100	marks final role for	query
4101	marks the first installment without	query
4102	marks the first serious effort to portray	query
4103	marks the second collaboration between	query
4104	married	query
4105	married at	query
4106	married before	query
4107	married first	query
4108	married firstly	query
4109	married for a second time to	query
4110	married in	query
4111	married into	query
4112	married on	query
4113	married secondly	query
4114	married since	query
4115	married thirdly	query
4116	married to	query
4117	married until	query
4118	married with	query
4119	martyred near	query
4120	mash up with	query
4121	masked hero in	query
4122	massacred	query
4123	mastered his commercial recordings onto	query
4124	maternal grandfather was	query
4125	maternal grandparents were	query
4126	maternal half siblings include	query
4127	matriculated at	query
4128	may be	query
4129	may be encountered near	query
4130	may have been murdered by	query
4131	may have obtained position by marriage to	query
4132	may leave	query
4133	may refer to	query
4134	mayor of	query
4135	meaning	query
4136	means	query
4137	mediated in the conflict over the control of antioch between	query
4138	meets	query
4139	member of	query
4140	member of parliament for	query
4141	members of	query
4142	memorialized in	query
4143	mention of	query
4144	mentioned	query
4145	mentioned by	query
4146	mentioned during reign of	query
4147	mentioned in	query
4148	mentions	query
4149	mentored	query
4150	mentored by	query
4151	mentored under	query
4152	merged the stylings of	query
4153	merged with	query
4154	met	query
4155	met with	query
4156	might have been responsible for	query
4157	migrated into	query
4158	migrated to	query
4159	military commander for	query
4160	mined by	query
4161	mined for	query
4162	miss mexico in	query
4163	missing since	query
4164	mission is	query
4165	misspelled	query
4166	mixes elements of	query
4167	modeled on	query
4168	moderated by	query
4169	monitored by	query
4170	more popular than	query
4171	morganatic spouse of	query
4172	mortally wounded at	query
4173	most awarded	query
4174	most capped player alongside	query
4175	most famous work was	query
4176	most known for	query
4177	most popular international artist in	query
4178	most powerful landowner in	query
4179	most powerful woman in	query
4180	most records sold in history in	query
4181	most successful film in	query
4182	most successful film of	query
4183	most successful foreign record seller in	query
4184	mother	query
4185	mother died on	query
4186	mother gave birth to	query
4187	mother in law of	query
4188	mother is	query
4189	mother of	query
4190	mother was	query
4191	motivated by	query
4192	motto is	query
4193	mourns in	query
4194	moved army to	query
4195	moved away from	query
4196	moved from	query
4197	moved his court and government to	query
4198	moved into	query
4199	moved on to create	query
4200	moved to	query
4201	moved to co present	query
4202	moved with	query
4203	moved with family to	query
4204	movie debut in	query
4205	moving force behind creation of	query
4206	mp for	query
4207	murdered	query
4208	murdered at	query
4209	murdered by	query
4210	murdered in	query
4211	murdered on	query
4212	murdered on orders of	query
4213	music by	query
4214	music composed by	query
4215	music director was	query
4216	music released on	query
4217	music score by	query
4218	music scored by	query
4219	music video directed in	query
4220	music video rarely played in	query
4221	music video released on	query
4222	music written by	query
4223	mystery series written by	query
4224	n e	query
4225	name is of	query
4226	named	query
4227	named after	query
4228	named as	query
4229	named bishop of	query
4230	named by	query
4231	named for	query
4232	named in	query
4233	named in honor of	query
4234	named in honour of	query
4235	named its award for new talent	query
4236	named one of the most significant films by	query
4237	named the chairman of	query
4238	named to	query
4239	namesake of	query
4240	narrated	query
4241	narrated by	query
4242	narrates	query
4243	narrates from	query
4244	narrates in	query
4245	narration read by	query
4246	narration written by	query
4247	narrative film about	query
4248	narrative revolves around	query
4249	national champion in	query
4250	national team includes	query
4251	nationality	query
4252	nationality is	query
4253	nationalized	query
4254	native of	query
4255	native place is	query
4256	native to	query
4257	nearest higher peak is	query
4258	nearly	query
4259	needed access to the port of	query
4260	negotiated with	query
4261	neighbor of	query
4262	neighbouring magnate of	query
4263	nephew of	query
4264	net worth estimated at	query
4265	never acknowledged	query
4266	never held	query
4267	never reigned owing to	query
4268	nickname	query
4269	nickname is	query
4270	nicknamed	query
4271	niece of	query
4272	noblewoman from	query
4273	nominally belonged to	query
4274	nominally ruled as duke alongside	query
4275	nominated	query
4276	nominated as	query
4277	nominated at	query
4278	nominated by	query
4279	nominated for	query
4280	nominated for film	query
4281	nominated in	query
4282	nominated on	query
4283	nominated under	query
4284	nominee for	query
4285	not as well received as	query
4286	not credited with	query
4287	not given	query
4288	not granted	query
4289	not happy with	query
4290	not in	query
4291	not prosecuted for	query
4292	not selected	query
4293	not styled as	query
4294	not to be confused with	query
4295	not well received by	query
4296	notable for	query
4297	noted for	query
4298	noted for association with	query
4299	notorious and elusive cat burglar of	query
4300	novel	query
4301	novel by	query
4302	novel published in english as	query
4303	novel titled	query
4304	novel written towards the end of life by	query
4305	now	query
4306	now called	query
4307	now in	query
4308	now known as	query
4309	nullified	query
4310	nurtured	query
4311	objected to	query
4312	obtained	query
4313	obtained degree from	query
4314	obtained degree in	query
4315	obtained doctorate in	query
4316	obtained duchy of	query
4317	obtained in exchange	query
4318	obtained pomerelia through inheritance from	query
4319	obtained screen rights to	query
4320	obtained title of	query
4321	occasional	query
4322	occupied	query
4323	occupied the lands of	query
4324	occupied with	query
4325	occurred after	query
4326	occurred before	query
4327	occurred between	query
4328	occurred during	query
4329	occurred from	query
4330	occurred in	query
4331	of	query
4332	of delhi	query
4333	of descent	query
4334	of inhabitants of	query
4335	of origin	query
4336	of the	query
4337	of the early	query
4338	of the same name as	query
4339	offered since	query
4340	offered the english crown to	query
4341	offered the throne to	query
4342	offered to desert to	query
4343	offers	query
4344	offers degrees in	query
4345	officer in	query
4346	officer of	query
4347	official debut happened in	query
4348	official entry to	query
4349	official name is	query
4350	official organ of	query
4351	officially invested	query
4352	often works under pseudonyms such as	query
4353	older brother of	query
4354	older brother to	query
4355	oldest child of	query
4356	omits	query
4357	on	query
4358	on album	query
4359	on her way to	query
4360	on international assignment from	query
4361	on loan from	query
4362	on the board of directors of	query
4363	on the death of	query
4364	one of the earliest anthologies to include the poetry of	query
4365	only directorial of	query
4366	op  70	query
4367	open in	query
4368	opened	query
4369	opened in	query
4370	opened in theaters on	query
4371	opened office in	query
4372	opened on	query
4373	opened to	query
4374	opened to the public in	query
4375	opens	query
4376	operate from	query
4377	operate to	query
4378	operated	query
4379	operated as	query
4380	operated by	query
4381	operated ferries from	query
4382	operated from	query
4383	operated until	query
4384	operates	query
4385	operates as	query
4386	operates in	query
4387	operates under	query
4388	opportunity for	query
4389	opportunity to work with	query
4390	opposed	query
4391	opposed by	query
4392	opposed to	query
4393	opposite	query
4394	opposite side with	query
4395	opted to have name removed from	query
4396	optioned	query
4397	orchestrated	query
4398	ordained as	query
4399	ordained in	query
4400	ordained to	query
4401	ordained to the episcopate at	query
4402	ordered	query
4403	ordered by year in	query
4404	ordered the assassination of	query
4405	ordered the banning of	query
4406	ordered the construction of	query
4407	ordered to pay	query
4408	ordered transferred away from	query
4409	organised	query
4410	organized	query
4411	organized a coup against	query
4412	organized by	query
4413	origin of	query
4414	original footage divided into	query
4415	original name was	query
4416	original title	query
4417	original title described as	query
4418	originally active from	query
4419	originally aired on	query
4420	originally called	query
4421	originally developed theme in	query
4422	originally directed by	query
4423	originally distributed by	query
4424	originally from	query
4425	originally located in	query
4426	originally penned for	query
4427	originally performed by	query
4428	originally produced in	query
4429	originally published in	query
4430	originally published on	query
4431	originally recorded by	query
4432	originally released at	query
4433	originally released by	query
4434	originally released in	query
4435	originally titled	query
4436	originated	query
4437	originated from	query
4438	originated in	query
4439	originated with	query
4440	originates east of	query
4441	originates near	query
4442	otherwise known as	query
4443	ousted	query
4444	outlasted	query
4445	outlived	query
4446	outshone	query
4447	over whether greece should enter	query
4448	overlooks	query
4449	overlordship won from	query
4450	overran	query
4451	oversaw	query
4452	overseen	query
4453	overseen by	query
4454	oversees	query
4455	overthrew	query
4456	overthrown as	query
4457	overthrown by	query
4458	overthrown during	query
4459	owned	query
4460	owned and operated ranches in	query
4461	owned by	query
4462	owned the rights to	query
4463	owner of	query
4464	owns	query
4465	owns photographs by	query
4466	owns works by	query
4467	padded for television into	query
4468	paid extra by	query
4469	paid homage to	query
4470	painted	query
4471	painted by	query
4472	painted landscapes in the style of	query
4473	painted landscapes inspired by	query
4474	painted over	query
4475	painted portrait of	query
4476	painted portraits of	query
4477	painted the portrait of	query
4478	painted the poster for	query
4479	painted unused poster for	query
4480	painting located in	query
4481	paired with	query
4482	palme d  or winning for	query
4483	papers were considered unsafe by	query
4484	parent abbey of	query
4485	parent of	query
4486	parents are	query
4487	parents died in	query
4488	parents were	query
4489	parodied	query
4490	parodied in	query
4491	parody of	query
4492	parodying	query
4493	part in	query
4494	part of	query
4495	part of album	query
4496	part of ensemble in	query
4497	part of ensemble with	query
4498	part of investigation of	query
4499	part of series	query
4500	part of series produced by	query
4501	part of trilogy	query
4502	part of trilogy with	query
4503	part of writing partnership with	query
4504	part of writing team for	query
4505	partially spoken in	query
4506	participated by	query
4507	participated in	query
4508	participated in attack on	query
4509	participated in campaigns in	query
4510	participated in delegations to	query
4511	participated in founding of	query
4512	participated in recordings with	query
4513	participates in	query
4514	partitioned	query
4515	partitioned in	query
4516	partitioned territories with	query
4517	partly based on	query
4518	partly compelled by	query
4519	partner in	query
4520	partner in beach volleyball is	query
4521	partnered	query
4522	partnered with	query
4523	partners with	query
4524	passed	query
4525	passed away on	query
4526	passed territory to	query
4527	passed the crown of luxembourg to	query
4528	passed the title of	query
4529	passed through	query
4530	passed to	query
4531	passing as	query
4532	paternal granddaughter of	query
4533	paternal grandfather of	query
4534	paternal grandparents are	query
4535	paternal grandparents were	query
4536	paternal grandson of	query
4537	patron of	query
4538	patronized	query
4539	pays tribute to	query
4540	peak position of	query
4541	peaked at	query
4542	peaked at number	query
4543	peaked at number 30 on	query
4544	peaked at number 5 on	query
4545	peaked at number one in	query
4546	peaked at number one on	query
4547	peaked in	query
4548	peaked on	query
4549	peaked within the top ten of	query
4550	peaking at number	query
4551	peer of	query
4552	pen name given by	query
4553	penned	query
4554	penned alias	query
4555	penned by	query
4556	penned screenplay for	query
4557	penned songs for	query
4558	penning	query
4559	perceived as	query
4560	perform by	query
4561	perform for	query
4562	performance at	query
4563	performance in	query
4564	performance in series agar tum na hotay	query
4565	performed	query
4566	performed as	query
4567	performed at	query
4568	performed by	query
4569	performed cinematography for	query
4570	performed during	query
4571	performed in	query
4572	performed live by	query
4573	performed live during	query
4574	performed live on	query
4575	performed music of	query
4576	performed on	query
4577	performed on stage for the first time at the age of	query
4578	performed poorly at	query
4579	performed to promote	query
4580	performed under the name	query
4581	performed until	query
4582	performed vocals of	query
4583	performed with	query
4584	performs	query
4585	performs at	query
4586	performs songs in	query
4587	perhaps was a professor at	query
4588	perished during	query
4589	permeated	query
4590	permitted	query
4591	persecuted by	query
4592	persecuted during	query
4593	personal attachment to	query
4594	personal life	query
4595	personal name	query
4596	personified by	query
4597	persuaded	query
4598	persuaded the donation to	query
4599	petitioned for seat in	query
4600	petitioned to serve in	query
4601	pfalzgraf of	query
4602	ph d  in	query
4603	photographed	query
4604	photographed for	query
4605	photographed in	query
4606	pick off	query
4607	picked up	query
4608	picked up by	query
4609	pillaged	query
4610	pioneer in	query
4611	pioneer of	query
4612	pioneered	query
4613	pioneering cyber character created by	query
4614	pitched	query
4615	pitched for	query
4616	pitched in	query
4617	place of burial	query
4618	place where	query
4619	placed	query
4620	placed before	query
4621	placed bones of	query
4622	placed curse on	query
4623	placed in	query
4624	placed number 10 on	query
4625	placed reign of marianus i in	query
4626	placed third in	query
4627	planned by	query
4628	planned film for	query
4629	planned for	query
4630	planned for release in	query
4631	planned to establish as	query
4632	planned to have	query
4633	planned to join	query
4634	planned to make	query
4635	planned to travel to	query
4636	planning to	query
4637	planning to record	query
4638	play	query
4639	play in	query
4640	played	query
4641	played a deciding role in establishing	query
4642	played a featured role in	query
4643	played a key role in the reign of	query
4644	played a major role in preventing	query
4645	played a pacifying role in	query
4646	played a part in	query
4647	played a role in	query
4648	played a role in passing	query
4649	played a role in the foundation of	query
4650	played a significant role in the dethronement of	query
4651	played against	query
4652	played as	query
4653	played at	query
4654	played by	query
4655	played character	query
4656	played charity concerts for	query
4657	played club cricket for	query
4658	played club cricket in	query
4659	played college basketball for	query
4660	played college football at	query
4661	played college football for	query
4662	played cricket at	query
4663	played cricket between	query
4664	played cricket for	query
4665	played cricket in	query
4666	played cricket matches in	query
4667	played during	query
4668	played football at	query
4669	played football for	query
4670	played for	query
4671	played from	query
4672	played in	query
4673	played in a band called	query
4674	played in final against	query
4675	played in the house band at	query
4676	played junior football for	query
4677	played on	query
4678	played pivotal role in	query
4679	played poker in	query
4680	played professionally in	query
4681	played role in	query
4682	played role of	query
4683	played roles in	query
4684	played semi professionally in	query
4685	played the character	query
4686	played the role of	query
4687	played until	query
4688	played with	query
4689	playing	query
4690	playing for	query
4691	playing in	query
4692	playing position is	query
4693	plays	query
4694	plays as	query
4695	plays at	query
4696	plays character in	query
4697	plays for	query
4698	plays in	query
4699	plays on	query
4700	plays the role of	query
4701	plays with	query
4702	pledged to	query
4703	plot changed greatly in	query
4704	plot concerns	query
4705	plot follows	query
4706	plot inspired by	query
4707	plot involves	query
4708	plot tells about	query
4709	plots with	query
4710	poached on the lands of	query
4711	poet of	query
4712	polemicist against	query
4713	policy sanctioning	query
4714	politically related to	query
4715	popular for	query
4716	popular in	query
4717	popular with	query
4718	popularized	query
4719	popularized by	query
4720	popularized his name with	query
4721	popularized through	query
4722	popularizer of	query
4723	popularly known as	query
4724	population in	query
4725	portrayal in	query
4726	portrayal of	query
4727	portrayed	query
4728	portrayed a smaller version of	query
4729	portrayed as	query
4730	portrayed by	query
4731	portrayed in	query
4732	portrayed role in	query
4733	portraying	query
4734	portraying tension and solidarity between	query
4735	portrays	query
4736	portrays as	query
4737	portrays the life of	query
4738	poses as	query
4739	positioned at	query
4740	possessed by	query
4741	possesses	query
4742	possibly daughter of	query
4743	possibly from	query
4744	possibly the oldest daughter of	query
4745	postal address in	query
4746	posthumous title was	query
4747	posthumously known as	query
4748	powered by	query
4749	powers were extended into	query
4750	practiced law in	query
4751	practiced law with	query
4752	praetorian prefect of	query
4753	praised	query
4754	praised by	query
4755	praised for	query
4756	praised the leadership of	query
4757	praises	query
4758	preceded	query
4759	preceded by	query
4760	predeceased	query
4761	predeceased by	query
4762	predominantly	query
4763	preferred to live in	query
4764	premi red at	query
4765	premiere took place in	query
4766	premiered at	query
4767	premiered film at	query
4768	premiered in	query
4769	premiered on	query
4770	prepared for	query
4771	preparing for	query
4772	prequel	query
4773	prequel to	query
4774	presaged	query
4775	present president is	query
4776	presented	query
4777	presented at	query
4778	presented by	query
4779	presented himself at	query
4780	presented the script to	query
4781	presented to	query
4782	presents	query
4783	preserved	query
4784	preserved at	query
4785	preserved by	query
4786	preserved in	query
4787	presided over	query
4788	president from	query
4789	president of	query
4790	president until	query
4791	pressured	query
4792	pressured the college of cardinals to elect	query
4793	presumed	query
4794	presumed dead	query
4795	presumed to be	query
4796	presumes	query
4797	pretend to be	query
4798	pretended to be	query
4799	pretender to	query
4800	pretty persuasion	query
4801	prevailed on	query
4802	prevented deaths during	query
4803	prevented from releasing	query
4804	previous feature	query
4805	previous film version of	query
4806	previous version of	query
4807	previously adapted as	query
4808	previously adapted into	query
4809	previously collaborated on	query
4810	previously edited	query
4811	previously known as	query
4812	previously made into film by	query
4813	previously made into film in	query
4814	previously named	query
4815	previously played in	query
4816	prince bishop of	query
4817	prince of	query
4818	princess of	query
4819	principal photography began in	query
4820	principal photography took place from	query
4821	prior to the birth of	query
4822	proclaimed	query
4823	proclaimed by	query
4824	proclaimed judge along with	query
4825	proclaimed on	query
4826	produced	query
4827	produced after	query
4828	produced albums for	query
4829	produced and directed	query
4830	produced and directed by	query
4831	produced and distributed by	query
4832	produced and released	query
4833	produced and released by	query
4834	produced between	query
4835	produced by	query
4836	produced during	query
4837	produced films between	query
4838	produced films in	query
4839	produced for	query
4840	produced for exhibition on	query
4841	produced in	query
4842	produced in association with	query
4843	produced more than	query
4844	produced on	query
4845	produced programmes for	query
4846	produced records in	query
4847	produced under	query
4848	produced with	query
4849	producer correspondent for	query
4850	producer for	query
4851	producer of	query
4852	produces	query
4853	produces rankings of	query
4854	produces shows for	query
4855	production banner	query
4856	production companies	query
4857	production design by	query
4858	production handled by	query
4859	production headed by	query
4860	profession	query
4861	professionally known as	query
4862	professor of	query
4863	progenitor of	query
4864	project of	query
4865	projects include	query
4866	prologue inserted by	query
4867	prominent in	query
4868	prominent member during	query
4869	promised	query
4870	promoted	query
4871	promoted by	query
4872	promoted on	query
4873	promoted the cult of	query
4874	promoted to	query
4875	promoted to officer status at	query
4876	promoted with quote from	query
4877	promoted with tag line	query
4878	promoter of	query
4879	promotes	query
4880	promulgated	query
4881	pronounced as	query
4882	pronounced the same as	query
4883	proposed	query
4884	proposed as	query
4885	proposed in	query
4886	proposed the convening of	query
4887	proposed the sale of her rights to	query
4888	proposed to	query
4889	proposed to marry	query
4890	proposes to release	query
4891	prosecuted for	query
4892	prot g  of	query
4893	protect	query
4894	protect from	query
4895	protecting	query
4896	protecting wildlife in	query
4897	protects	query
4898	protested against	query
4899	protested the actions of	query
4900	prototype of	query
4901	provide information about	query
4902	provided	query
4903	provided aid to	query
4904	provided commentary for	query
4905	provided feedback for	query
4906	provided leadership in	query
4907	provided supplies to	query
4908	provided the voice of	query
4909	provided voice of	query
4910	provides	query
4911	provides advice to	query
4912	provides career launch for	query
4913	provides conversions between	query
4914	provides coverage in	query
4915	provides information about	query
4916	provides products and services through	query
4917	provost of	query
4918	publicized	query
4919	publicly whipped	query
4920	published	query
4921	published a book titled	query
4922	published an essay in	query
4923	published autobiography in	query
4924	published between	query
4925	published books about	query
4926	published by	query
4927	published for	query
4928	published from	query
4929	published games from	query
4930	published games until	query
4931	published his first work in	query
4932	published in	query
4933	published in conjunction with	query
4934	published in serial form in	query
4935	published more than a dozen books of	query
4936	published on	query
4937	published posthumously after	query
4938	published the work of	query
4939	published under	query
4940	published until	query
4941	published work under the name	query
4942	published works in	query
4943	publisher between	query
4944	publisher emeritus is	query
4945	publisher in	query
4946	publisher is	query
4947	publisher of	query
4948	publisher was	query
4949	publishes	query
4950	pupil of	query
4951	purchased	query
4952	purchased by	query
4953	purchased from	query
4954	purchased in	query
4955	pursued	query
4956	put under house arrest by	query
4957	queen consort of	query
4958	queen in	query
4959	queen mother of	query
4960	queen of	query
4961	queen of burgundy at	query
4962	questions	query
4963	quoted in	query
4964	raced at	query
4965	raced in	query
4966	raided	query
4967	raised	query
4968	raised by	query
4969	raised forces for	query
4970	raised in	query
4971	raised near	query
4972	raised questions about	query
4973	raised to	query
4974	raised to the peerage as	query
4975	rajkumar sang in	query
4976	rallied people against	query
4977	ran	query
4978	ran away from	query
4979	ran concurrently with	query
4980	ran film department in	query
4981	ran for	query
4982	ran for more than	query
4983	ran from	query
4984	ran in the 2015 local elections and secured	query
4985	ran on	query
4986	ran the blockade out of	query
4987	ran until	query
4988	ranked	query
4989	ranked  1 in	query
4990	ranked among	query
4991	ranked as	query
4992	ranked at no  6 on	query
4993	ranked by	query
4994	ranked crazy legs conti in	query
4995	ranked no  16 in	query
4996	ranked no  35 on	query
4997	ranked number	query
4998	ranked number nine on	query
4999	ranked number one on	query
5000	ranks	query
5001	ranks as	query
5002	rated	query
5003	rated as	query
5004	re edited by	query
5005	re installed	query
5006	re located to	query
5007	re married	query
5008	re released and made it to no	query
5009	re released as	query
5010	re released by	query
5011	re released in	query
5012	re released on	query
5013	re released under the title	query
5014	re released with	query
5015	reached	query
5016	reached  28 on	query
5017	reached  3 on	query
5018	reached its height of power and prosperity during reign of	query
5019	reached its smallest size during the reign of	query
5020	reached its zenith and became	query
5021	reached no	query
5022	reached no  1 in	query
5023	reached no  16 on	query
5024	reached no  4 on	query
5025	reached no  44 in	query
5026	reached no  5 in	query
5027	reached no  74 on	query
5028	reached number	query
5029	reached number 3 on	query
5030	reached number 51 on	query
5031	reached number one in	query
5032	reached number one on	query
5033	reached position	query
5034	reached success with	query
5035	reached the rank of	query
5036	reached the semifinals of	query
5037	reaches a height of	query
5038	reaches to	query
5039	read	query
5040	read his poems at	query
5041	readopted on	query
5042	reaffirmed treaty with	query
5043	real estate developer in	query
5044	real name	query
5045	real name is	query
5046	real name was	query
5047	realized	query
5048	really belonged to	query
5049	reappeared against	query
5050	reassigns to	query
5051	rebelled against	query
5052	rebelled with	query
5053	reboot of	query
5054	rebutted	query
5055	recalled	query
5056	recaptured	query
5057	recast the concept of	query
5058	received	query
5059	received a letter from	query
5060	received a nomination for	query
5061	received a phd from	query
5062	received a star on	query
5063	received acclaim from	query
5064	received accreditation from	query
5065	received allegations of	query
5066	received an education in	query
5067	received assistance from	query
5068	received authorization from	query
5069	received authorization to run	query
5070	received award at	query
5071	received award for	query
5072	received award in	query
5073	received awards and nominations at	query
5074	received best visual effects nominations at	query
5075	received commission from	query
5076	received criticism for	query
5077	received degree at	query
5078	received degree from	query
5079	received directing credit for	query
5080	received donation from	query
5081	received for	query
5082	received formal education at	query
5083	received high praise from	query
5084	received honorific from	query
5085	received investment from	query
5086	received lands in	query
5087	received medal of honor during	query
5088	received mixed reviews from	query
5089	received nomination for	query
5090	received nominations at	query
5091	received oscar nomination for	query
5092	received oscar nominations for	query
5093	received positive reviews from	query
5094	received postgraduate education at	query
5095	received praise from critics for	query
5096	received reaction from	query
5097	received response from	query
5098	received reviews from	query
5099	received support from	query
5100	received ten nominations at	query
5101	received the honour of	query
5102	received the thanks of	query
5103	received the title of	query
5104	received title of	query
5105	receives	query
5106	receives tributary from	query
5107	recipient of	query
5108	recited at	query
5109	recited by	query
5110	recited in	query
5111	recited on	query
5112	reclassified	query
5113	reclassified as	query
5114	recognised	query
5115	recognised as	query
5116	recognized	query
5117	recognized as	query
5118	recognized by	query
5119	recognized for featuring	query
5120	recognized nationally as an	query
5121	recommended	query
5122	recommended by	query
5123	reconciled himself to	query
5124	reconquered	query
5125	reconstructed	query
5126	record exceeded by	query
5127	recorded	query
5128	recorded admissions in	query
5129	recorded admissions of	query
5130	recorded album	query
5131	recorded album in	query
5132	recorded albums with	query
5133	recorded and uploaded	query
5134	recorded as	query
5135	recorded at	query
5136	recorded by	query
5137	recorded cover versions in	query
5138	recorded extensively for	query
5139	recorded families in	query
5140	recorded for	query
5141	recorded from	query
5142	recorded hits in	query
5143	recorded hits such as	query
5144	recorded in	query
5145	recorded live in	query
5146	recorded number of families as	query
5147	recorded on	query
5148	recorded population as	query
5149	recorded population of	query
5150	recorded songs by	query
5151	recorded songs in	query
5152	recorded to	query
5153	recorded with	query
5154	recorded with producer	query
5155	records covers on	query
5156	records the death of	query
5157	records with	query
5158	recounted career from	query
5159	recounted career to	query
5160	recounts	query
5161	recouping	query
5162	recovered	query
5163	recovered the duchy in	query
5164	recruited	query
5165	recruited for	query
5166	rector of	query
5167	reduced	query
5168	reduced its participation by	query
5169	reduced power of	query
5170	reelected as	query
5171	reelected in	query
5172	reenacts	query
5173	reestablishment of the	query
5174	refer to	query
5175	referenced in	query
5176	references	query
5177	referred to	query
5178	referred to as	query
5179	refers to	query
5180	refined and developed	query
5181	reflected	query
5182	reflective of	query
5183	reflects interest in	query
5184	refocused towards	query
5185	reformed in	query
5186	reformed into	query
5187	refused exemption from classification for	query
5188	refused to finance war with	query
5189	refused to give	query
5190	refused to pay tribute to	query
5191	refused to recognise	query
5192	refused to testify to	query
5193	regained	query
5194	regained control of parma under the protection of	query
5195	regard	query
5196	regarded	query
5197	regarded as	query
5198	regarded himself as	query
5199	regency in the absence of	query
5200	regent	query
5201	regent during	query
5202	regent of	query
5203	registered	query
5204	registered at	query
5205	registered in	query
5206	registered with	query
5207	regnal poem of	query
5208	reigned alone from	query
5209	reigned as	query
5210	reigned as high chief of	query
5211	reigned as the grand prince of	query
5212	reigned as the prince of	query
5213	reigned at	query
5214	reigned between	query
5215	reigned during	query
5216	reigned for	query
5217	reigned from	query
5218	reigned in	query
5219	reigned till	query
5220	reigned until	query
5221	reigned without dissension in	query
5222	reigning since	query
5223	reigning title	query
5224	reinterred at	query
5225	reinvented himself as	query
5226	rejected by	query
5227	rejoined	query
5228	related film of	query
5229	related to	query
5230	relates to	query
5231	relations with	query
5232	relative of	query
5233	relatives included	query
5234	relaunched recording career	query
5235	release title is	query
5236	release year of	query
5237	released	query
5238	released after	query
5239	released ahead of	query
5240	released album	query
5241	released album in	query
5242	released album named	query
5243	released album on	query
5244	released album with	query
5245	released albums	query
5246	released albums in	query
5247	released albums on	query
5248	released as	query
5249	released as a single from	query
5250	released as a single in	query
5251	released as single from	query
5252	released as single in	query
5253	released before	query
5254	released between	query
5255	released by	query
5256	released cover version in	query
5257	released during	query
5258	released film in	query
5259	released film with	query
5260	released films for	query
5261	released films in	query
5262	released first in	query
5263	released following the end of	query
5264	released for	query
5265	released from	query
5266	released in	query
5267	released in promotion of	query
5268	released in support of	query
5269	released in theaters in	query
5270	released in theaters on	query
5271	released on	query
5272	released on album	query
5273	released on dvd by	query
5274	released singles on	query
5275	released theatrically by	query
5276	released theatrically in	query
5277	released through	query
5278	released to	query
5279	released two albums with	query
5280	released two albums without	query
5281	released under	query
5282	released under the banner	query
5283	released under the title	query
5284	released via	query
5285	released with	query
5286	released with the title	query
5287	released worldwide on	query
5288	releases music under	query
5289	relied on	query
5290	relocated to	query
5291	remade	query
5292	remade as	query
5293	remade by	query
5294	remade for	query
5295	remade from	query
5296	remade in	query
5297	remade into	query
5298	remade the story in	query
5299	remained at	query
5300	remained chairman of	query
5301	remained in	query
5302	remained in england for	query
5303	remained in the navy until	query
5304	remained in the service of	query
5305	remained uncredited in association with	query
5306	remained under control of	query
5307	remained with	query
5308	remains	query
5309	remains one of	query
5310	remains popular with	query
5311	remains were returned to	query
5312	remains with	query
5313	remake of	query
5314	remake produced by	query
5315	remarried	query
5316	remarried in	query
5317	remarried to	query
5318	remembered as	query
5319	remembered for	query
5320	remembered for roles in	query
5321	reminiscent of	query
5322	remixed and re released by	query
5323	remodeled and designed by	query
5324	remodelled	query
5325	removed	query
5326	removed by	query
5327	removed from	query
5328	removed from power	query
5329	removed from the throne by	query
5330	removed to	query
5331	renamed as	query
5332	renamed his country to	query
5333	renamed in	query
5334	renamed in honor of	query
5335	renamed to	query
5336	rendition of	query
5337	renounced her royal title and style when she married	query
5338	renounced rights to the throne of	query
5339	renovated	query
5340	renovating	query
5341	renowned for	query
5342	renowned in	query
5343	reorganized	query
5344	repeated trips to	query
5345	replaced	query
5346	replaced by	query
5347	replaced director by	query
5348	report	query
5349	reported	query
5350	reported about	query
5351	reported in	query
5352	reported loss of personnel in action by	query
5353	reported on	query
5354	reported to	query
5355	reports on	query
5356	representative peer between	query
5357	representative peer of	query
5358	represented	query
5359	represented by	query
5360	represented country at	query
5361	represented country in	query
5362	represented his country at	query
5363	represented in	query
5364	represented the peak of	query
5365	representing	query
5366	represents	query
5367	reprised by	query
5368	reprises actors from	query
5369	reprises his role as	query
5370	reprises his role in	query
5371	reprises role as	query
5372	repudiated	query
5373	reputation as	query
5374	reputed lover of	query
5375	requested by	query
5376	requested replicas from	query
5377	requests	query
5378	required by	query
5379	rereleased in	query
5380	rereleased on	query
5381	rereleased with	query
5382	research interests in	query
5383	researched	query
5384	researched for	query
5385	researched in	query
5386	researched on	query
5387	resembles	query
5388	resembling	query
5389	resented	query
5390	resided at	query
5391	resided in	query
5392	resided primarily in	query
5393	resides in	query
5394	resides with	query
5395	resigned as	query
5396	resigned as archbishop of medan on	query
5397	resigned at	query
5398	resigned commission on	query
5399	resigned due to	query
5400	resigned from	query
5401	resigned in	query
5402	resigned in favour of	query
5403	resigned the barony of dalkeith in favour of	query
5404	resigned the countship to become a monk at	query
5405	resisted	query
5406	resolved inconsistencies by	query
5407	respected with equal honor to	query
5408	responded to criticism with	query
5409	response to	query
5410	responsible for	query
5411	responsible for bringing	query
5412	responsible for construction of	query
5413	responsible for employing	query
5414	responsible for establishment of	query
5415	responsible for making	query
5416	restored	query
5417	restored by	query
5418	restored during	query
5419	restored in	query
5420	restored the title of	query
5421	restoring	query
5422	rests at	query
5423	resulted from	query
5424	resulted in	query
5425	resurrected for	query
5426	retained lands after	query
5427	retained seat for	query
5428	retells events from	query
5429	retired and moved to	query
5430	retired as	query
5431	retired from	query
5432	retired from films after	query
5433	retired in	query
5434	retired to	query
5435	retired to marry	query
5436	retired with the rank of	query
5437	retitled in	query
5438	retitled to	query
5439	retreated from	query
5440	retreated to	query
5441	retrieves	query
5442	returned before the cameras as	query
5443	returned from	query
5444	returned in	query
5445	returned to	query
5446	returned to acting for	query
5447	returned to be with her son in	query
5448	returned to french campaign during	query
5449	returned to join	query
5450	returned to top 40 with	query
5451	returned to touring after	query
5452	returns as	query
5453	returns home from	query
5454	reunited	query
5455	reunited for	query
5456	reunited with	query
5457	reused	query
5458	reused in	query
5459	revealed	query
5460	revealed the treachery of	query
5461	reveals	query
5462	reviewed	query
5463	reviewer called	query
5464	revised	query
5465	revived	query
5466	revived in	query
5467	revived spanish choral works from	query
5468	revived spanish choral works with	query
5469	revolted against	query
5470	revolutionized	query
5471	revolves around	query
5472	reworking of	query
5473	rewrite by	query
5474	rewriting a horror film for	query
5475	rewritten by	query
5476	rewrote	query
5477	rewrote the text of	query
5478	rhythm guitarist for	query
5479	rises to similar heights as	query
5480	rising to the rank of	query
5481	risked losing	query
5482	rival to	query
5483	rivalry with	query
5484	rob	query
5485	rode in	query
5486	role as	query
5487	role in	query
5488	role played by	query
5489	roles in	query
5490	roles in film	query
5491	roles on	query
5492	romantically pursuing	query
5493	ronald colman s first	query
5494	rose to	query
5495	rose to become	query
5496	rose to fame at	query
5497	rose to prominence in	query
5498	rose to prominence through role in	query
5499	rose to the kingship when	query
5500	rose to the rank of	query
5501	rose to the throne in	query
5502	rowed in	query
5503	rower in	query
5504	ruled	query
5505	ruled after	query
5506	ruled alone from	query
5507	ruled an empire stretching from	query
5508	ruled an empire stretching to	query
5509	ruled as	query
5510	ruled as regents with	query
5511	ruled at	query
5512	ruled by	query
5513	ruled during	query
5514	ruled for	query
5515	ruled france as regent for	query
5516	ruled from	query
5517	ruled in	query
5518	ruled in stead of	query
5519	ruled jointly with	query
5520	ruled over	query
5521	ruled since	query
5522	ruled that	query
5523	ruled the lands of	query
5524	ruled the northern half of	query
5525	ruled the southern half of	query
5526	ruled through	query
5527	ruled until	query
5528	ruled with	query
5529	ruler of	query
5530	rules from	query
5531	run by	query
5532	run to	query
5533	running	query
5534	runs	query
5535	runs for	query
5536	runway marked	query
5537	sacked	query
5538	said	query
5539	said in	query
5540	said inspired by	query
5541	sailed for	query
5542	sales of	query
5543	same as	query
5544	sampled in	query
5545	samples	query
5546	sang	query
5547	sang a duet with	query
5548	sang a few songs in	query
5549	sang a song for the film	query
5550	sang a song in	query
5551	sang a song under	query
5552	sang for	query
5553	sang in	query
5554	sang in concerts in	query
5555	sang in the revival of	query
5556	sang in works by	query
5557	sang parts from	query
5558	sang roles in	query
5559	sang the role of	query
5560	sang the song	query
5561	sang the song with	query
5562	sang with	query
5563	sank in	query
5564	sat in	query
5565	satire of	query
5566	save	query
5567	save from	query
5568	saved	query
5569	saw	query
5570	saw action at	query
5571	saw action on	query
5572	saw reaction from	query
5573	says	query
5574	scene with	query
5575	scheduled for	query
5576	scheduled to be released on	query
5577	scholar of	query
5578	school teams were later changed to	query
5579	school teams were originally called	query
5580	score composed by	query
5581	score written by	query
5582	scored	query
5583	scored by	query
5584	scored hit in	query
5585	scored hit songs like	query
5586	scored hit with	query
5587	scored hits in	query
5588	scores films using	query
5589	screen debuts of	query
5590	screened	query
5591	screened at	query
5592	screened in	query
5593	screened on	query
5594	screenplay adapted by	query
5595	screenplay adapted from	query
5596	screenplay by	query
5597	screenplay co written by	query
5598	screenplay for	query
5599	screenplay won	query
5600	screenplay written by	query
5601	screenwriter of	query
5602	script by	query
5603	script was written by	query
5604	script written by	query
5605	script written for	query
5606	scripted	query
5607	scripted and directed by	query
5608	scripted by	query
5609	scripted from	query
5610	sculptures cost up to	query
5611	sculptures take	query
5612	searching for	query
5613	seattle international film festival	query
5614	second husband	query
5615	second installment in	query
5616	second of	query
5617	second single from	query
5618	second wife of	query
5619	secured control of	query
5620	secured marriages for	query
5621	secured under	query
5622	seduces	query
5623	see the main article on	query
5624	seek	query
5625	seeking funding to	query
5626	seeking to pen	query
5627	seeks to deprive	query
5628	seen as a link in the chain of prophets culminating in	query
5629	seen as a link in the chain of prophets with	query
5630	seen at	query
5631	seen in	query
5632	seen on	query
5633	seigneur de	query
5634	seized	query
5635	seized and confiscated in	query
5636	seized and confiscated under	query
5637	seized from	query
5638	seized power from	query
5639	selected	query
5640	selected as	query
5641	selected as king in	query
5642	selected at	query
5643	selected by	query
5644	selected for	query
5645	selected for preservation in	query
5646	selected in	query
5647	selected the part with the castle	query
5648	selected to	query
5649	selected to compete at	query
5650	selected to compete for	query
5651	selected to compete in	query
5652	selected to sing	query
5653	selected zac dysert in	query
5654	selling over	query
5655	sells	query
5656	sends	query
5657	sends out	query
5658	sent	query
5659	sent a letter to	query
5660	sent an embassy under	query
5661	sent by	query
5662	sent his early poems to	query
5663	sent into	query
5664	sent into exile to	query
5665	sent letters of acceptance to	query
5666	sent support to	query
5667	sent to	query
5668	sent to prison in	query
5669	sent various presents to	query
5670	sentenced to	query
5671	separated from	query
5672	sequel	query
5673	sequel announced in	query
5674	sequel of	query
5675	sequel scheduled to be released on	query
5676	sequel titled	query
5677	sequel to	query
5678	sequels include	query
5679	serialized on	query
5680	serials by	query
5681	series produced by	query
5682	served	query
5683	served as	query
5684	served as a broadcaster with	query
5685	served as a captain in	query
5686	served as a member of	query
5687	served as advisor on	query
5688	served as ambassador from	query
5689	served as ambassador of	query
5690	served as ambassador to	query
5691	served as ambassador until	query
5692	served as an officer in	query
5693	served as artistic director of	query
5694	served as bishop of jerusalem in	query
5695	served as bishop of sodor and man from	query
5696	served as bishop of sodor and man until	query
5697	served as chairman of	query
5698	served as chairman of the council of	query
5699	served as chief of police and public security in	query
5700	served as co chair of	query
5701	served as constable of the tower from	query
5702	served as deputy chairman of	query
5703	served as director of naval intelligence on	query
5704	served as editor of	query
5705	served as executive officer of	query
5706	served as executive producer for	query
5707	served as godmother to	query
5708	served as governor of new hampshire from	query
5709	served as house band at	query
5710	served as lord lieutenant of cambridgeshire from	query
5711	served as lord lieutenant of cambridgeshire until	query
5712	served as mayor for	query
5713	served as mayor of	query
5714	served as mayor of new york in	query
5715	served as mayor of new york until	query
5716	served as member of	query
5717	served as member of the university council of	query
5718	served as minister in charge of	query
5719	served as national senator in	query
5720	served as prefect of	query
5721	served as president from	query
5722	served as president of	query
5723	served as president until	query
5724	served as regent for	query
5725	served as secretary of the soviet delegation at	query
5726	served as secretary to the board of	query
5727	served as the first editor of	query
5728	served as the home of	query
5729	served as vice mayor for	query
5730	served as viceroy from	query
5731	served as viceroy until	query
5732	served at	query
5733	served between	query
5734	served by	query
5735	served during	query
5736	served during the reign of	query
5737	served during the rule of	query
5738	served for	query
5739	served from	query
5740	served in	query
5741	served in the expedition led by	query
5742	served on	query
5743	served on board of directors of	query
5744	served on the boards of	query
5745	served on the staff of	query
5746	served over	query
5747	served overseas during	query
5748	served since	query
5749	served under	query
5750	served until	query
5751	served with	query
5752	served with distinction throughout	query
5753	serves	query
5754	serves as	query
5755	serves in	query
5756	serves in the government of	query
5757	serviced by	query
5758	serving as	query
5759	serving since	query
5760	serving under	query
5761	set	query
5762	set a record as	query
5763	set against	query
5764	set against the backdrop of	query
5765	set and filmed in	query
5766	set at	query
5767	set designed for	query
5768	set during	query
5769	set in	query
5770	set on	query
5771	set the story in	query
5772	set to	query
5773	set to direct	query
5774	set up	query
5775	set up factory in	query
5776	set up instruments on	query
5777	set up practice at	query
5778	sets designed by	query
5779	sets her sights on	query
5780	setting for	query
5781	settled	query
5782	settled at	query
5783	settled in	query
5784	seventh film in	query
5785	shared	query
5786	shared a flat with	query
5787	shared border with	query
5788	shared credits with	query
5789	shared design with	query
5790	shares an ancestor with	query
5791	shares building with	query
5792	shares name with	query
5793	shares screenplay credit with	query
5794	shares similarities with	query
5795	sheltering	query
5796	shepherded the early career of	query
5797	shipped to	query
5798	shorter than	query
5799	shortlisted by	query
5800	shortlisted for	query
5801	shot	query
5802	shot at	query
5803	shot between	query
5804	shot by	query
5805	shot entirely on location	query
5806	shot films during	query
5807	shot in	query
5808	shot on	query
5809	shot on location in	query
5810	shot partly in	query
5811	shot primarily in	query
5812	shot primarily on location in	query
5813	shot the film in	query
5814	shot the film on	query
5815	shot using	query
5816	showcased	query
5817	showcased at	query
5818	showcased in	query
5819	showcases trials of	query
5820	showcasing	query
5821	showed	query
5822	showed faith in	query
5823	showed up to	query
5824	shown at	query
5825	shown chapter by chapter by	query
5826	shown in	query
5827	shown on	query
5828	shown publicly in	query
5829	shown theatrically in	query
5830	shown with	query
5831	shows	query
5832	shows the stories of	query
5833	sibling of	query
5834	sided with	query
5835	signed	query
5836	signed a contract with	query
5837	signed a deal with	query
5838	signed a record deal with	query
5839	signed at	query
5840	signed by	query
5841	signed contract with	query
5842	signed in	query
5843	signed to	query
5844	signed with	query
5845	significantly older than	query
5846	similar in style to	query
5847	simulcasted with	query
5848	since	query
5849	singer for	query
5850	singer guitarist for	query
5851	singer of	query
5852	singing lead vocals for	query
5853	singles	query
5854	singles included	query
5855	sings	query
5856	sings about	query
5857	sings compositions of	query
5858	sister in law is	query
5859	sister in law of	query
5860	sister of	query
5861	sister was	query
5862	site lies in	query
5863	sits as	query
5864	situated between	query
5865	situated east of	query
5866	situated in	query
5867	situated near	query
5868	situated north of	query
5869	situated on	query
5870	situated on the border between	query
5871	sixth longest running outdoor drama in	query
5872	slain at	query
5873	slain in	query
5874	slashed	query
5875	smallest russian governorate by	query
5876	sold	query
5877	sold estate in	query
5878	sold for	query
5879	sold land to	query
5880	sold more than	query
5881	sold over	query
5882	sold painting to	query
5883	sold to	query
5884	solidified status as	query
5885	solved	query
5886	son	query
5887	son in law of	query
5888	son is	query
5889	son of	query
5890	son was	query
5891	songs ranked on	query
5892	sons are	query
5893	sought matrimonial alliance with	query
5894	sought to expand	query
5895	sought unification of principalities of	query
5896	sound track scored by	query
5897	soundtrack composed by	query
5898	soundtracks feature music by	query
5899	sourced from	query
5900	southwest of	query
5901	spanish entry at	query
5902	spanish title	query
5903	spanned from	query
5904	spanned the reigns of	query
5905	spanning across	query
5906	spawned	query
5907	spawned singles including	query
5908	speaker of	query
5909	speaks	query
5910	special effects handled by	query
5911	specialised in	query
5912	specialised in covering	query
5913	specialises in	query
5914	specialising in	query
5915	specialist in	query
5916	specialized in	query
5917	specializes in	query
5918	specializing in	query
5919	speculates that	query
5920	speculates that osthryth and oshere were suspected of trying to detach the kingdom of	query
5921	spelled as	query
5922	spend	query
5923	spent	query
5924	spent a winter in	query
5925	spent career campaigning in	query
5926	spent childhood at	query
5927	spent childhood in	query
5928	spent final years of his life in	query
5929	spent four years at	query
5930	spent last years of her life in	query
5931	spent life in	query
5932	spent military service with	query
5933	spent most of his life in	query
5934	spent much of his time in	query
5935	spent professional career in	query
5936	spent time at	query
5937	spent time in	query
5938	spent two weeks at number	query
5939	spent weeks on	query
5940	spent years at the court of	query
5941	spent youth in	query
5942	spin off from	query
5943	spin off is	query
5944	split in	query
5945	spoke	query
5946	spoke after death of	query
5947	spoken in	query
5948	sponsored and patronized	query
5949	sponsored by	query
5950	sponsored the renovation of	query
5951	sponsors	query
5952	spoof of	query
5953	spoofed in	query
5954	spoofed the title of	query
5955	spoofs	query
5956	spouse of	query
5957	spun off from	query
5958	spurred	query
5959	stands for	query
5960	stands to become pretender to	query
5961	star of	query
5962	star on	query
5963	starred	query
5964	starred alongside	query
5965	starred as	query
5966	starred in	query
5967	starred with	query
5968	starring	query
5969	stars	query
5970	stars as	query
5971	stars in	query
5972	stars of	query
5973	start happening to	query
5974	started	query
5975	started a campaign to retake power in	query
5976	started acting in	query
5977	started as	query
5978	started business in	query
5979	started by	query
5980	started career as	query
5981	started career in	query
5982	started career with	query
5983	started directing from	query
5984	started filming	query
5985	started his career in	query
5986	started in	query
5987	started operations in	query
5988	started political activity as	query
5989	started practising	query
5990	started the construction of	query
5991	started to sculpt at	query
5992	started up	query
5993	started with	query
5994	started working in	query
5995	stated	query
5996	stated intent to marry	query
5997	stated that	query
5998	stated that he has been playing poker every day for	query
5999	states	query
6000	stationed in	query
6001	stayed at	query
6002	stays with	query
6003	stepdaughter of	query
6004	stepfather of	query
6005	stepmother is	query
6006	stepmother of	query
6007	stepped down in	query
6008	stepson of	query
6009	stipulated	query
6010	stood as the candidate for	query
6011	stood at the head of	query
6012	stood by	query
6013	stood for	query
6014	stopped	query
6015	stopped directing at	query
6016	stormed	query
6017	story by	query
6018	story composed as a result of tensions between	query
6019	story composed in	query
6020	story of	query
6021	story set in	query
6022	story titled	query
6023	strengthened	query
6024	strengthened by	query
6025	strengthened position of	query
6026	stresses	query
6027	stretched empire from	query
6028	stretching back to	query
6029	striped horizontally in	query
6030	strives to give donations through	query
6031	strives to solve	query
6032	struck by	query
6033	structured	query
6034	struggled against	query
6035	struggled to conquer	query
6036	struggled with	query
6037	struggles to find	query
6038	struggles with	query
6039	struggling to stay faithful under	query
6040	studied	query
6041	studied at	query
6042	studied in	query
6043	studied in the class of	query
6044	studied music in	query
6045	studied singing under	query
6046	studied the works of	query
6047	studied to become	query
6048	studied under	query
6049	studied with	query
6050	stumped for	query
6051	styled	query
6052	styled as	query
6053	styled from	query
6054	styled herself as	query
6055	styled himself	query
6056	styled himself as	query
6057	subject of	query
6058	subject of a violent attack by	query
6059	subjected	query
6060	submission to	query
6061	submitted	query
6062	submitted to	query
6063	subtitled	query
6064	succeeded	query
6065	succeeded as	query
6066	succeeded as earl by	query
6067	succeeded as earl of strathmore after	query
6068	succeeded by	query
6069	succeeded his father as	query
6070	succeeded his father in	query
6071	succeeded in	query
6072	succeeded in placing	query
6073	succeeded on	query
6074	succeeded on the death of	query
6075	succeeded to	query
6076	succeeded to chiefship of	query
6077	succeeded to the throne in	query
6078	succeeded to the throne on	query
6079	succeeded to the title in	query
6080	succeeded to the title of	query
6081	succeeded to title at the age of	query
6082	succeeded to title on	query
6083	succeeds	query
6084	success at	query
6085	successful as	query
6086	successful in	query
6087	sued	query
6088	suffect consul in	query
6089	suffered	query
6090	suffered a stroke on	query
6091	suffered from	query
6092	suffered poor health in	query
6093	suffered stillbirths in	query
6094	suggested	query
6095	suggested decisive action to	query
6096	suggested to	query
6097	suggests artistic style of	query
6098	suggests that osthryth s murder may have been revenge for	query
6099	summoned	query
6100	summoned by writ to	query
6101	summoned to	query
6102	sung at the end of the film by	query
6103	sung by	query
6104	sung in the film by	query
6105	sung to	query
6106	supervised	query
6107	supplements	query
6108	supplied by	query
6109	supported	query
6110	supported by	query
6111	supporter of	query
6112	supporting cast includes	query
6113	supports	query
6114	supposed to marry	query
6115	supposed to write	query
6116	suppressed	query
6117	surfaced in	query
6118	surpassed	query
6119	surrendered and sold	query
6120	surrendered to	query
6121	surrounded	query
6122	surrounded by	query
6123	surrounds	query
6124	survived	query
6125	survived by	query
6126	survived the demos for	query
6127	survives as	query
6128	survives at	query
6129	survives in	query
6130	swam at	query
6131	swept	query
6132	swept onto	query
6133	swimming in	query
6134	switched to working in	query
6135	switches to	query
6136	sworn fealty to	query
6137	sworn in as	query
6138	symbolizes	query
6139	synchronises reign of	query
6140	synchronises reign with	query
6141	syndicated as	query
6142	syndicated to television by	query
6143	synthesized	query
6144	tackles the issue of	query
6145	taken captive by	query
6146	taken commissions for	query
6147	taken from	query
6148	taken from album	query
6149	taken over by	query
6150	taken prisoner by	query
6151	taken the name	query
6152	takes	query
6153	takes audiences on	query
6154	takes its name from	query
6155	takes place after	query
6156	takes place in	query
6157	talks about	query
6158	tangled with	query
6159	taps	query
6160	targeted	query
6161	tasked with	query
6162	taught	query
6163	taught at	query
6164	taught by	query
6165	taught in	query
6166	taught school in	query
6167	teacher of	query
6168	teaches	query
6169	teaches at	query
6170	teaching at	query
6171	teamed at	query
6172	teamed for	query
6173	teamed up with	query
6174	teamed with	query
6175	teammate of	query
6176	teams up with	query
6177	televised by	query
6178	televised in	query
6179	television credits include	query
6180	television serial	query
6181	television series	query
6182	tells	query
6183	tells of	query
6184	tells the story from the point of view of	query
6185	tells the story of	query
6186	tenure as	query
6187	terrorizes	query
6188	tested in	query
6189	testified to	query
6190	the orl anist claimant to	query
6191	the time of your life	query
6192	theatrical release by	query
6193	theatrical release in	query
6194	theatrical release on	query
6195	theatrically released in	query
6196	theatrically released on	query
6197	theme focuses on	query
6198	theme of	query
6199	theme song for	query
6200	themed around	query
6201	theorist followed by	query
6202	third film in	query
6203	third film released on	query
6204	third installment of	query
6205	third son of	query
6206	threatened by	query
6207	threatened lawsuit from	query
6208	threatened to pass	query
6209	threatening	query
6210	threatens	query
6211	threats to bombard	query
6212	threw himself at	query
6213	throne heir presumptive in	query
6214	through	query
6215	thwarted	query
6216	tied for	query
6217	tied for first place with	query
6218	tied with	query
6219	tied world records in	query
6220	title	query
6221	title character played by	query
6222	title comes from	query
6223	title derived from	query
6224	title held by	query
6225	title of	query
6226	title song performed by	query
6227	title song sung by	query
6228	title song written by	query
6229	title track from	query
6230	titled	query
6231	titled as	query
6232	titled in	query
6233	titled in us as	query
6234	titled to avoid confusion with	query
6235	titles included	query
6236	titles passed to	query
6237	titles were	query
6238	titular empress of	query
6239	to	query
6240	to be produced by	query
6241	to be released by	query
6242	to be released in	query
6243	to market	query
6244	to spread out and inhabit	query
6245	told	query
6246	told morgan about	query
6247	tomb discovered on	query
6248	took	query
6249	took 20th in	query
6250	took 2nd at	query
6251	took 3rd in	query
6252	took 4th in	query
6253	took 7th in	query
6254	took 9th at	query
6255	took a doctorate at	query
6256	took a similar post at	query
6257	took acting roles in	query
6258	took charge of	query
6259	took classes at	query
6260	took control of	query
6261	took effect on	query
6262	took her work to	query
6263	took life of	query
6264	took office in	query
6265	took on the family name of	query
6266	took over	query
6267	took over from	query
6268	took over guardianship for	query
6269	took over rule of	query
6270	took over the character from	query
6271	took over the government of	query
6272	took over the role from	query
6273	took over the role of	query
6274	took part in	query
6275	took part in arrest of	query
6276	took part in exhibitions in	query
6277	took part in exhibitions with	query
6278	took piano lessons in	query
6279	took place at	query
6280	took place during	query
6281	took place from	query
6282	took place in	query
6283	took place on	query
6284	took refuge in	query
6285	took refuge with	query
6286	took role in	query
6287	took seat after	query
6288	took seat in	query
6289	took the name	query
6290	took the name of	query
6291	took the regency of	query
6292	took the throne after	query
6293	took the throne in	query
6294	took the title of	query
6295	took up	query
6296	took up arms against	query
6297	took up football at	query
6298	took up writing	query
6299	took vows at	query
6300	topped	query
6301	topped the charts in	query
6302	total live tournament winnings exceed	query
6303	touched down close to	query
6304	touched down on	query
6305	touches on	query
6306	toured	query
6307	toured across	query
6308	toured and recorded with	query
6309	toured in	query
6310	toured on	query
6311	toured tracks in	query
6312	toured with	query
6313	touring version	query
6314	tours with	query
6315	traced descent to	query
6316	traces the political rise of	query
6317	traded on	query
6318	traded with	query
6319	traditions broken by	query
6320	trailer released on	query
6321	trained	query
6322	trained at	query
6323	trained by	query
6324	trained in	query
6325	trained with	query
6326	trains	query
6327	transferred	query
6328	transferred leadership to	query
6329	transferred to	query
6330	transformed into	query
6331	transitioned to	query
6332	translated	query
6333	translated as	query
6334	translated by	query
6335	translated during	query
6336	translated for	query
6337	translated from	query
6338	translated into	query
6339	translated into english as	query
6340	translated works from	query
6341	translates as	query
6342	translates to	query
6343	transliterated as	query
6344	transmitted by	query
6345	traveled in	query
6346	traveled throughout	query
6347	traveled to	query
6348	traveled with	query
6349	traveling from	query
6350	traveling to	query
6351	traveling towards	query
6352	travelled abroad in	query
6353	travelled to	query
6354	travels to	query
6355	tributary of	query
6356	tribute to	query
6357	tried to build up	query
6358	tried to hold on to	query
6359	tried to install	query
6360	tried to reduce influence of	query
6361	triggered	query
6362	try to pry information out of	query
6363	trying to get	query
6364	trying to track down	query
6365	tsarevna of	query
6366	turned	query
6367	turned back at	query
6368	turned down	query
6369	turned film producer with	query
6370	turned into	query
6371	turned over	query
6372	turned their support to	query
6373	turned to	query
6374	tutored by	query
6375	tweaked	query
6376	twelfth installment in	query
6377	twin brother of	query
6378	twin of	query
6379	twin to	query
6380	type	query
6381	typecasting by	query
6382	u s  title is	query
6383	uk title	query
6384	unable to make transition to	query
6385	uncle is	query
6386	uncle of	query
6387	under	query
6388	under contract to	query
6389	under contract with	query
6390	under control of	query
6391	under investigation by	query
6392	under the	query
6393	under the banner	query
6394	under the banner of	query
6395	under the jurisdiction of	query
6396	undergoes	query
6397	undermines	query
6398	underperformed in	query
6399	undertook	query
6400	undertook building work for	query
6401	undertook the siege of	query
6402	underwent	query
6403	underwent reevaluation since	query
6404	united	query
6405	united pomerania through marriage with	query
6406	unlocks	query
6407	unofficial slogan is	query
6408	unrelated to	query
6409	unreleased until	query
6410	unsuccessfully claimed	query
6411	until	query
6412	until the advent of	query
6413	unveiled at	query
6414	unveiled for the first time on the screen	query
6415	updated in	query
6416	urged	query
6417	urges	query
6418	urging to record religion as	query
6419	us title is	query
6420	use	query
6421	used	query
6422	used as	query
6423	used as basis for	query
6424	used by	query
6425	used for	query
6426	used for service in	query
6427	used in	query
6428	used in advertisements for	query
6429	used names in the order	query
6430	used on	query
6431	used plot elements from	query
6432	used plot elements in	query
6433	used pseudonym	query
6434	used sample from	query
6435	used talent from	query
6436	used the name	query
6437	used the pen name	query
6438	used the pseudonym	query
6439	used the song in	query
6440	used the titles of	query
6441	used to package	query
6442	used to sell	query
6443	used worship style to birth	query
6444	uses	query
6445	uses beat from	query
6446	uses photographs of the affair to blackmail	query
6447	using	query
6448	using black magic to bewitch	query
6449	using its experience to work with	query
6450	usual signature was	query
6451	usurped all the power from	query
6452	usurped by	query
6453	utilized	query
6454	utilizes genres including	query
6455	valued at	query
6456	vassal of	query
6457	venerated as	query
6458	venerated on	query
6459	ventured into acting in	query
6460	version of	query
6461	version of the song	query
6462	vested in	query
6463	vested with	query
6464	veteran of	query
6465	via	query
6466	viable commercial option in	query
6467	vicar general of	query
6468	vice chairman of	query
6469	viceroy of	query
6470	victim of	query
6471	victory in	query
6472	video of	query
6473	viewed	query
6474	viewed by	query
6475	viewers could see on	query
6476	vilified on	query
6477	violated	query
6478	viscount of	query
6479	visible from	query
6480	visited	query
6481	visited by	query
6482	visits	query
6483	visual effects handled by	query
6484	vogt of	query
6485	voice compared with	query
6486	voiced	query
6487	voiced by	query
6488	voiced in	query
6489	voivode of	query
6490	volunteers for	query
6491	voted	query
6492	voted as	query
6493	voted by	query
6494	voted in	query
6495	voted in support of	query
6496	voted to expel	query
6497	voting with	query
6498	vows to lead	query
6499	wanders in	query
6500	wanted	query
6501	wanted to conquer	query
6502	wants to become	query
6503	war against	query
6504	warned	query
6505	warranted by	query
6506	warred with	query
6507	was	query
6508	was a	query
6509	was a bishop in	query
6510	was a brigadier in	query
6511	was a businessperson in	query
6512	was a cadet of	query
6513	was a campaign of	query
6514	was a candidate in	query
6515	was a candidate on	query
6516	was a captain in	query
6517	was a career officer in	query
6518	was a chief executive officer of	query
6519	was a child when	query
6520	was a collaboration with	query
6521	was a consort of	query
6522	was a count of	query
6523	was a countess zamoyska through marriage to	query
6524	was a cousin of	query
6525	was a cricket player for	query
6526	was a critical and commercial flop in	query
6527	was a curate at	query
6528	was a daughter of	query
6529	was a delegate to	query
6530	was a descendant of	query
6531	was a devoted	query
6532	was a diner at	query
6533	was a diplomat in	query
6534	was a drummer for	query
6535	was a film director in	query
6536	was a film editor in	query
6537	was a film producer in	query
6538	was a finalist for	query
6539	was a financier in	query
6540	was a first cousin of	query
6541	was a fixture in newspapers such as	query
6542	was a founder of	query
6543	was a founding member of	query
6544	was a friend of	query
6545	was a fugitive since	query
6546	was a general of	query
6547	was a german from	query
6548	was a ghibelline during	query
6549	was a grandson of	query
6550	was a granduncle to	query
6551	was a great grandfather to	query
6552	was a great nephew of	query
6553	was a guelph during	query
6554	was a hit for	query
6555	was a hit in	query
6556	was a judge on	query
6557	was a jury member at	query
6558	was a justice of the peace for	query
6559	was a king in	query
6560	was a king of	query
6561	was a lady of the bedchamber to	query
6562	was a lawyer for	query
6563	was a leader in	query
6564	was a leader of	query
6565	was a leading soprano at	query
6566	was a lifelong contributor to	query
6567	was a magnate in service to	query
6568	was a maker of	query
6569	was a maternal descendant of	query
6570	was a member of	query
6571	was a member of parliament for	query
6572	was a military engagement of	query
6573	was a mistress of	query
6574	was a movement in	query
6575	was a native of	query
6576	was a nephew of	query
6577	was a noble of	query
6578	was a nobleman in	query
6579	was a painter of	query
6580	was a partner in	query
6581	was a patron of	query
6582	was a player in	query
6583	was a poet and playwright in	query
6584	was a political figure in	query
6585	was a politician in	query
6586	was a prelate of	query
6587	was a previous king of	query
6588	was a priest in	query
6589	was a prince elector of	query
6590	was a prince of	query
6591	was a princess of	query
6592	was a producer in	query
6593	was a producer on	query
6594	was a professor at	query
6595	was a protectorate within	query
6596	was a pupil of	query
6597	was a remake of	query
6598	was a representative peer of	query
6599	was a rival to	query
6600	was a role model for	query
6601	was a royal princess of	query
6602	was a ruler of	query
6603	was a sculptor in	query
6604	was a section chief in	query
6605	was a separate commune until	query
6606	was a singer in	query
6607	was a son of	query
6608	was a spanish	query
6609	was a specialist of	query
6610	was a student of	query
6611	was a supporter of	query
6612	was a swimmer who won the national title in	query
6613	was a teacher of	query
6614	was a unit of	query
6615	was a victim of	query
6616	was a vocal opponent of	query
6617	was able to capture	query
6618	was about	query
6619	was absent in	query
6620	was acclaimed by	query
6621	was acclaimed to	query
6622	was accused of high treason in	query
6623	was acquainted with	query
6624	was acquired by	query
6625	was acquitted on appeal to	query
6626	was active during	query
6627	was active from	query
6628	was active in	query
6629	was active in cinema in	query
6630	was active mainly in	query
6631	was active near	query
6632	was active until	query
6633	was adapted by	query
6634	was adapted in tamil as	query
6635	was adapted into	query
6636	was adapted into a film by	query
6637	was adapted into a film with the title	query
6638	was administrator of	query
6639	was admired by	query
6640	was admitted to	query
6641	was adopted by	query
6642	was adopted in	query
6643	was advised by	query
6644	was adviser under	query
6645	was advisor in chief of	query
6646	was advisor of	query
6647	was affected by	query
6648	was affiliated with	query
6649	was against	query
6650	was aged	query
6651	was alive when	query
6652	was allodial heiress of	query
6653	was allowed to enter combat and was sent to join	query
6654	was ally of	query
6655	was also	query
6656	was also called	query
6657	was also known as	query
6658	was ambassador to	query
6659	was among founders of	query
6660	was an	query
6661	was an academician of	query
6662	was an agent of	query
6663	was an alumnus of	query
6664	was an associate member of	query
6665	was an attempt to break into	query
6666	was an author of books on	query
6667	was an editor of	query
6668	was an employee of	query
6669	was an expert in	query
6670	was an im m of	query
6671	was an officer of	query
6672	was an uncle of	query
6673	was ancestor of	query
6674	was annexed by	query
6675	was appointed	query
6676	was appointed as	query
6677	was appointed from	query
6678	was appointed governor of	query
6679	was appointed in	query
6680	was appointed president of	query
6681	was appointed professor at	query
6682	was appointed professor from	query
6683	was appointed professor until	query
6684	was appointed regent for	query
6685	was appointed regent until the restoration of	query
6686	was appointed until	query
6687	was appreciated for	query
6688	was approved by	query
6689	was archbishop of	query
6690	was army commander for	query
6691	was arrested and executed during	query
6692	was artistic director of	query
6693	was assassinated by	query
6694	was assassinated in	query
6695	was assassinated on	query
6696	was assistant director on	query
6697	was assistant editor of	query
6698	was assistant to	query
6699	was associate editor of	query
6700	was associated with	query
6701	was at	query
6702	was at a party in	query
6703	was attacked by	query
6704	was attacked for producing	query
6705	was attended by	query
6706	was aunt by marriage of	query
6707	was authority on	query
6708	was autobiographical for	query
6709	was awarded	query
6710	was awarded by	query
6711	was awarded the title of	query
6712	was awarded with	query
6713	was away from	query
6714	was back at	query
6715	was banned by	query
6716	was banned for being	query
6717	was banned in	query
6718	was baptised in	query
6719	was baptized on	query
6720	was based in	query
6721	was based on	query
6722	was basis for	query
6723	was beaten by	query
6724	was besieged by	query
6725	was best known for	query
6726	was bestowed with the title	query
6727	was between	query
6728	was bishop of	query
6729	was born as	query
6730	was born at	query
6731	was born before	query
6732	was born in	query
6733	was born into	query
6734	was born on	query
6735	was born to	query
6736	was born to parents from	query
6737	was boss of	query
6738	was briefly married to	query
6739	was broadcast in	query
6740	was brother in law of	query
6741	was brother of	query
6742	was brought up as	query
6743	was brought up at	query
6744	was brought up in	query
6745	was buried at	query
6746	was buried in	query
6747	was buried near	query
6748	was buried on	query
6749	was buried with honors by	query
6750	was caliph of	query
6751	was called	query
6752	was called by	query
6753	was called to	query
6754	was called to the bar at	query
6755	was canadian director of naval intelligence during	query
6756	was candidate for	query
6757	was captured and sent to	query
6758	was captured in	query
6759	was cardinal nominated by	query
6760	was cared for by	query
6761	was cast as	query
6762	was cast for	query
6763	was cast in	query
6764	was ceo of	query
6765	was chairman of	query
6766	was chairman of the board of directors of	query
6767	was champion for	query
6768	was champion in	query
6769	was champion of	query
6770	was chancellor of	query
6771	was chess player in	query
6772	was chief editor from	query
6773	was chief editor of	query
6774	was chief minister of	query
6775	was chief nurse of	query
6776	was chief of	query
6777	was chief of state of	query
6778	was chief queen of	query
6779	was chief under	query
6780	was chiefly active in	query
6781	was child of	query
6782	was chosen to succeed	query
6783	was cinematographer for	query
6784	was cinematographer on	query
6785	was cited in	query
6786	was close associate of	query
6787	was close to	query
6788	was co directed by	query
6789	was co edited by	query
6790	was co founded by	query
6791	was co founded in	query
6792	was co founded in response to	query
6793	was co head of state with	query
6794	was co ruler with	query
6795	was co translated by	query
6796	was coached by	query
6797	was colonel of	query
6798	was commanded by	query
6799	was commander of	query
6800	was commercially successful in	query
6801	was commissioned by	query
6802	was commissioned for	query
6803	was commissioned in	query
6804	was commissioned into	query
6805	was commissioner for	query
6806	was compelled to withdraw from	query
6807	was compensated with	query
6808	was completed in	query
6809	was composer of	query
6810	was conceived with the name	query
6811	was condemned to death in the fall of	query
6812	was conferred with the title	query
6813	was confirmed by	query
6814	was conquered by	query
6815	was consecrated bishop at	query
6816	was considered	query
6817	was consort duke of	query
6818	was consort marquis of	query
6819	was consort of	query
6820	was constable of	query
6821	was contemporary of	query
6822	was contestant on	query
6823	was controlled by	query
6824	was convicted for	query
6825	was convicted for advocating violence against	query
6826	was convicted in	query
6827	was convicted of	query
6828	was correspondent for	query
6829	was count of	query
6830	was count palatine of	query
6831	was countess of	query
6832	was court musician of	query
6833	was courtier of	query
6834	was cousin of	query
6835	was cousin once removed to	query
6836	was cousin to	query
6837	was created	query
6838	was created between	query
6839	was created by	query
6840	was created duke of newcastle in	query
6841	was created in	query
6842	was created in memory of	query
6843	was creative head and executive producer at	query
6844	was credited as	query
6845	was critic of	query
6846	was critical of	query
6847	was criticized for	query
6848	was crowned	query
6849	was crowned by	query
6850	was damaged by	query
6851	was daughter of	query
6852	was dauphine of	query
6853	was dean of	query
6854	was decisive in	query
6855	was deemed a threat to	query
6856	was defeated at	query
6857	was defeated by	query
6858	was defeated in	query
6859	was denounced as	query
6860	was deposed after	query
6861	was deposed by	query
6862	was deposed during	query
6863	was deposed in	query
6864	was deposed on grounds of	query
6865	was descendant of	query
6866	was described as	query
6867	was described by	query
6868	was designated as	query
6869	was designed by	query
6870	was designed in	query
6871	was detained at	query
6872	was detained in	query
6873	was devastated by	query
6874	was developed by	query
6875	was directed by	query
6876	was directed in	query
6877	was director after	query
6878	was director general of	query
6879	was director of	query
6880	was discharged from	query
6881	was discovered at	query
6882	was displaced by	query
6883	was distributed by	query
6884	was distributed in	query
6885	was distributed through	query
6886	was distributed with	query
6887	was divided between	query
6888	was divided into	query
6889	was drawn by	query
6890	was dropped on	query
6891	was dubbed	query
6892	was duchess consort of	query
6893	was duchess of	query
6894	was duke from	query
6895	was duke of	query
6896	was duke until	query
6897	was during	query
6898	was earl in	query
6899	was earl of	query
6900	was edited by	query
6901	was editor of	query
6902	was editor on	query
6903	was educated at	query
6904	was educated by	query
6905	was educated in	query
6906	was elected	query
6907	was elected a corresponding member of	query
6908	was elected a member of parliament for	query
6909	was elected as	query
6910	was elected as president of	query
6911	was elected by	query
6912	was elected in	query
6913	was elected king of germany at	query
6914	was elected member of parliament for	query
6915	was elected mp for	query
6916	was elected president of	query
6917	was elected solicitor for	query
6918	was elected to	query
6919	was elected to congress from	query
6920	was elected until	query
6921	was elector of	query
6922	was elector prince of	query
6923	was elevated from earl of stafford to	query
6924	was elevated to	query
6925	was elevated to the position of	query
6926	was employed as	query
6927	was employed with	query
6928	was empress consort of	query
6929	was empress of	query
6930	was encouraged to abdicate by	query
6931	was engaged for	query
6932	was entered for	query
6933	was entered into	query
6934	was established by	query
6935	was established in	query
6936	was established on the territory of	query
6937	was established with	query
6938	was excommunicated by	query
6939	was executed by	query
6940	was executed in	query
6941	was expelled from	query
6942	was falsely charged with	query
6943	was fatally wounded by	query
6944	was father of	query
6945	was favorite of	query
6946	was featured on	query
6947	was fellow of	query
6948	was filmed by	query
6949	was filmed in	query
6950	was finalist for	query
6951	was fired by	query
6952	was first published in	query
6953	was firstborn and successor of	query
6954	was forced into exile by	query
6955	was forced to abdicate on	query
6956	was forced to conduct a policy mindful of the limitations of	query
6957	was forced to declare bankruptcy due to	query
6958	was forced to leave spain by	query
6959	was forced to live in	query
6960	was forced to surrender after	query
6961	was foreign associate of	query
6962	was formed in	query
6963	was formed when	query
6964	was found dead in	query
6965	was found in	query
6966	was found to be empty in	query
6967	was founded by	query
6968	was founded in	query
6969	was founder and mayor of	query
6970	was founder of	query
6971	was founding president of	query
6972	was frequently cast as	query
6973	was friend of	query
6974	was from	query
6975	was from the branch of	query
6976	was future duke of	query
6977	was future king of	query
6978	was gaye s most successful single between	query
6979	was gentleman of the bedchamber to	query
6980	was given	query
6981	was given a posthumous retrospective at	query
6982	was given a theatrical release in	query
6983	was given an award by	query
6984	was given as a wedding present by	query
6985	was given in marriage to	query
6986	was given the posthumous name	query
6987	was given the task to converse with	query
6988	was given the task to practice	query
6989	was given the title of	query
6990	was governor of	query
6991	was graffiti painter in	query
6992	was grand master of	query
6993	was granddaughter of	query
6994	was grandfather of	query
6995	was grandmother of	query
6996	was grandson of	query
6997	was granted the rank of	query
6998	was granted the title	query
6999	was great granddaughter of	query
7000	was great grandmother of	query
7001	was great grandson of	query
7002	was great uncle to	query
7003	was guest at wedding of	query
7004	was guillotined in	query
7005	was guitarist for	query
7006	was hailed	query
7007	was half brother of	query
7008	was hanged along with	query
7009	was head coach at	query
7010	was head coach of	query
7011	was head of	query
7012	was headed by	query
7013	was heir apparent of	query
7014	was heir apparent to	query
7015	was heir presumptive of	query
7016	was heir presumptive to the throne of	query
7017	was heiress of	query
7018	was held at	query
7019	was held by	query
7020	was held in	query
7021	was hereditary prince of	query
7022	was hired as	query
7023	was hired by	query
7024	was hit in	query
7025	was honorary president of	query
7026	was honored by	query
7027	was hosted and produced by	query
7028	was husband of	query
7029	was identified as a member of	query
7030	was illustrator for	query
7031	was impersonated by	query
7032	was imprisoned at	query
7033	was imprisoned for	query
7034	was imprisoned in	query
7035	was in	query
7036	was in a relationship with	query
7037	was in charge of	query
7038	was in co regency with	query
7039	was in command of	query
7040	was in exile during	query
7041	was in mdo with	query
7042	was in office during	query
7043	was in office from	query
7044	was in office until	query
7045	was in position from	query
7046	was in relationship with	query
7047	was in the service of	query
7048	was included on	query
7049	was india s entry to	query
7050	was inducted in	query
7051	was inducted into	query
7052	was infanta of	query
7053	was influenced by	query
7054	was influential in	query
7055	was inspiration for	query
7056	was inspired by	query
7057	was installed as	query
7058	was instrumental in founding	query
7059	was instrumental in passing	query
7060	was instrumental in setting up	query
7061	was instrumental in the construction of	query
7062	was interested in	query
7063	was interim president of	query
7064	was interned in	query
7065	was interred at	query
7066	was interred in	query
7067	was invented by	query
7068	was invested as	query
7069	was invested with	query
7070	was investigated by	query
7071	was involved in	query
7072	was involved in legal dispute with	query
7073	was involved in war in	query
7074	was involved with	query
7075	was issued by	query
7076	was issued in	query
7077	was joint commander in chief of	query
7078	was joint constable of	query
7079	was joint sovereign duke of nassau with	query
7080	was judge of	query
7081	was judge on	query
7082	was judged fit on	query
7083	was key component in	query
7084	was killed 15 km north of	query
7085	was killed and the king was again taken prisoner at	query
7086	was killed at	query
7087	was killed by	query
7088	was killed during	query
7089	was killed in	query
7090	was killed in the battle between	query
7091	was killed near	query
7092	was killed on	query
7093	was killed on road	query
7094	was killed with	query
7095	was king of	query
7096	was knight of	query
7097	was knighted at	query
7098	was knighted between	query
7099	was knighted in	query
7100	was known as	query
7101	was known for	query
7102	was known for his role as	query
7103	was known for making	query
7104	was known personally to	query
7105	was lady of the bedchamber to	query
7106	was laid to rest in	query
7107	was landgrave of	query
7108	was last male descendant of	query
7109	was later known as	query
7110	was launched on	query
7111	was leader of	query
7112	was lecturer at	query
7113	was led by	query
7114	was linked to	query
7115	was listed as	query
7116	was listed on	query
7117	was located in	query
7118	was location of	query
7119	was lord	query
7120	was lord chamberlain to	query
7121	was lord lieutenant of	query
7122	was lord of	query
7123	was lost at sea on	query
7124	was lover of	query
7125	was loyal to	query
7126	was lynched by	query
7127	was made	query
7128	was made a fellow of	query
7129	was made a prisoner by	query
7130	was made adjutant general by	query
7131	was made at	query
7132	was made bishop of	query
7133	was made by	query
7134	was made emir of	query
7135	was made honorary president of	query
7136	was made in	query
7137	was made in collaboration with	query
7138	was made into	query
7139	was making movies the public wanted to see	query
7140	was managing director of	query
7141	was married on	query
7142	was married to	query
7143	was married with	query
7144	was massacred by	query
7145	was master of	query
7146	was maybe a monk at	query
7147	was mayor of	query
7148	was member during	query
7149	was member of	query
7150	was member of jury at the trial of	query
7151	was member of the government of kenya for	query
7152	was mentioned in	query
7153	was mentored by	query
7154	was military governor of	query
7155	was minister of	query
7156	was minister of education of	query
7157	was mistress of	query
7158	was mortally wounded by	query
7159	was mortally wounded in	query
7160	was most widely known for	query
7161	was mother of	query
7162	was mother to	query
7163	was moved to	query
7164	was murdered by	query
7165	was murdered in	query
7166	was murdered with	query
7167	was music director of	query
7168	was named	query
7169	was named after	query
7170	was named as	query
7171	was named as the best sommelier in	query
7172	was named in honor of	query
7173	was named missionary to	query
7174	was named riksr d by	query
7175	was native of	query
7176	was nephew of	query
7177	was nicknamed	query
7178	was niece of	query
7179	was nominated at	query
7180	was nominated bishop of	query
7181	was nominated for	query
7182	was nominated for an	query
7183	was nominated for award at	query
7184	was nominated in	query
7185	was nominated to the see of	query
7186	was not accepted as	query
7187	was not entirely pleased with	query
7188	was not passed uncut by	query
7189	was not published by	query
7190	was noted for	query
7191	was number two on	query
7192	was obtained after	query
7193	was occupied by	query
7194	was occupied with love to	query
7195	was of	query
7196	was offered a contract with	query
7197	was official of	query
7198	was on the founding faculty of	query
7199	was one of	query
7200	was one of the biggest hits of	query
7201	was one of the commanders during	query
7202	was one of the founders of	query
7203	was one of the leaders of	query
7204	was one of the precursors of	query
7205	was one of the presenters of	query
7206	was one of the spouses of	query
7207	was one of two pretenders to the title of	query
7208	was opened by	query
7209	was opened in	query
7210	was originally named	query
7211	was originally on	query
7212	was originally placed in	query
7213	was originally produced by	query
7214	was ousted by	query
7215	was ousted by a revolution in	query
7216	was ousted from	query
7217	was owner of	query
7218	was parent of	query
7219	was part of	query
7220	was part of a duo with	query
7221	was partitioned in	query
7222	was partitioned with	query
7223	was partner in	query
7224	was partner with	query
7225	was party in	query
7226	was passed uncut by	query
7227	was patriarch of	query
7228	was patron of	query
7229	was patronized by	query
7230	was perhaps the son of	query
7231	was permitted to remain in charge of	query
7232	was physicist in	query
7233	was picked by	query
7234	was pillaged and razed by	query
7235	was placed under the care of	query
7236	was plant manager in	query
7237	was politically opposed to	query
7238	was popular in	query
7239	was popularised through	query
7240	was portrayed in	query
7241	was possibly succeeded by	query
7242	was posted to	query
7243	was praised by	query
7244	was predecessor polity of	query
7245	was present at	query
7246	was presided over by	query
7247	was president from	query
7248	was president of	query
7249	was president of chile from	query
7250	was president until	query
7251	was press secretary for	query
7252	was previously known as	query
7253	was prime minister of	query
7254	was prince bishop of	query
7255	was prince of	query
7256	was princess abbess of	query
7257	was princess of	query
7258	was principal of	query
7259	was principality of	query
7260	was principality ruled by	query
7261	was proclaimed	query
7262	was proclaimed  queen mother of romania  in	query
7263	was proclaimed king after	query
7264	was produced by	query
7265	was produced for	query
7266	was produced in	query
7267	was professor and head of	query
7268	was professor at	query
7269	was professor of singing at	query
7270	was progenitor of	query
7271	was prominent in	query
7272	was promoted to	query
7273	was protected by	query
7274	was provost of	query
7275	was published as a writer for	query
7276	was published between	query
7277	was published by	query
7278	was published from	query
7279	was published in	query
7280	was published until	query
7281	was pupil of	query
7282	was purchased as a	query
7283	was queen consort of	query
7284	was queen consort to	query
7285	was queen mother of	query
7286	was queen of	query
7287	was queen regnant of	query
7288	was raised at	query
7289	was raised at the court of	query
7290	was raised in	query
7291	was raised in exile in	query
7292	was raised on	query
7293	was raised to the rank of	query
7294	was ranked in	query
7295	was ranked number 28 on	query
7296	was ranked number 46 on	query
7297	was ranked number 50 on	query
7298	was re elected in	query
7299	was rebuilt by	query
7300	was received for	query
7301	was recognised as	query
7302	was recognized as	query
7303	was reconsecrated to	query
7304	was recorded at	query
7305	was recorded in	query
7306	was recorded live in	query
7307	was recounted by	query
7308	was rector at	query
7309	was redesigned in	query
7310	was rediscovered and restored by	query
7311	was refused entry by	query
7312	was regarded as	query
7313	was regent during	query
7314	was regent during the minority of	query
7315	was regent for	query
7316	was regent from	query
7317	was regent of	query
7318	was regent over	query
7319	was regent until	query
7320	was regular in	query
7321	was rehabilitated in	query
7322	was reinstated in	query
7323	was related to	query
7324	was released	query
7325	was released as	query
7326	was released as single from	query
7327	was released by	query
7328	was released in	query
7329	was released in the summer of	query
7330	was released on	query
7331	was remade as	query
7332	was remade in	query
7333	was remade in hindi as	query
7334	was remarked by	query
7335	was removed by	query
7336	was removed for	query
7337	was renowned as	query
7338	was renowned for	query
7339	was replaced by	query
7340	was reported to	query
7341	was representative peer for	query
7342	was represented in	query
7343	was repudiated by	query
7344	was resident in	query
7345	was responsible for	query
7346	was restored to	query
7347	was returned	query
7348	was returned for	query
7349	was returned to	query
7350	was rhythm guitarist for	query
7351	was romantically involved with	query
7352	was ruled by	query
7353	was ruler during the reign of	query
7354	was ruler in	query
7355	was ruler of	query
7356	was ruling	query
7357	was ruling count of	query
7358	was ruling countess of	query
7359	was ruling countess of aumale in	query
7360	was ruling countess of aumale until	query
7361	was runner up at	query
7362	was scholar of	query
7363	was screened at	query
7364	was screened in cinemas in	query
7365	was second great uncle to	query
7366	was second in the line of succession to	query
7367	was seconded to	query
7368	was secretary of	query
7369	was seen as	query
7370	was seen at	query
7371	was seigneur of	query
7372	was selected as a	query
7373	was selected for	query
7374	was selected for preservation in	query
7375	was selected to represent	query
7376	was selection at	query
7377	was senator in	query
7378	was senator of	query
7379	was senior adviser for	query
7380	was senior advisor to	query
7381	was senior agnate of	query
7382	was senior bodyguard of	query
7383	was senior grand duke of	query
7384	was sent as ambassador to	query
7385	was sent by	query
7386	was sent during	query
7387	was sent to	query
7388	was sent to command	query
7389	was sentenced to	query
7390	was served by	query
7391	was set up as governor by	query
7392	was set up in	query
7393	was sexually explicit for	query
7394	was shortened by	query
7395	was shortened to	query
7396	was shot and killed by	query
7397	was shot by	query
7398	was shot dead in	query
7399	was shot dead on	query
7400	was shot in	query
7401	was shown at	query
7402	was shown in	query
7403	was shunned by	query
7404	was signed in	query
7405	was signed to	query
7406	was singer of	query
7407	was sister in law of	query
7408	was sister of	query
7409	was sketched by	query
7410	was sole ruler of	query
7411	was sometimes credited as	query
7412	was sometimes referred to as	query
7413	was son in law of	query
7414	was son of	query
7415	was sovereign prince of nassau weilburg from	query
7416	was speaker of	query
7417	was special assistant to	query
7418	was sponsor of	query
7419	was spouse of	query
7420	was stadtholder of	query
7421	was started at	query
7422	was started by	query
7423	was started in	query
7424	was stationed at	query
7425	was staying in	query
7426	was stepfather of	query
7427	was stepmother of	query
7428	was steward in	query
7429	was still a minor in	query
7430	was struck by the mint at	query
7431	was struck with a sword by	query
7432	was student of	query
7433	was styled as	query
7434	was subject of	query
7435	was submitted by	query
7436	was submitted to	query
7437	was substituted by	query
7438	was succeeded by	query
7439	was successor of	query
7440	was suffering from	query
7441	was suggested by	query
7442	was sultan of	query
7443	was sung by	query
7444	was sunk by	query
7445	was sunk in	query
7446	was supported by	query
7447	was supposed to marry	query
7448	was survived by	query
7449	was taken captive with	query
7450	was taken ill with	query
7451	was taken prisoner to	query
7452	was the	query
7453	was the 13th holder of	query
7454	was the ally of	query
7455	was the ambassador of thailand to	query
7456	was the ancestor of	query
7457	was the archbishop of	query
7458	was the art director for	query
7459	was the author of	query
7460	was the b side of	query
7461	was the bailli of	query
7462	was the ban of	query
7463	was the banner for	query
7464	was the birthdate of	query
7465	was the bishop of	query
7466	was the boss of	query
7467	was the brother of	query
7468	was the capital of	query
7469	was the chair of	query
7470	was the chief of	query
7471	was the child of	query
7472	was the claimant to headship of	query
7473	was the co heiress of	query
7474	was the consort of	query
7475	was the count of	query
7476	was the cousin of	query
7477	was the crown prince of	query
7478	was the date of death of	query
7479	was the daughter in law of	query
7480	was the daughter of	query
7481	was the director of	query
7482	was the duchess of	query
7483	was the duke of	query
7484	was the editor of	query
7485	was the eldest daughter of	query
7486	was the eldest son of	query
7487	was the emir of	query
7488	was the emperor of	query
7489	was the father in law of	query
7490	was the father of	query
7491	was the favourite of	query
7492	was the first	query
7493	was the first adviser to	query
7494	was the first cousin of	query
7495	was the first cousin once removed of	query
7496	was the first feature film directed in	query
7497	was the first governor of	query
7498	was the first great grandchild of	query
7499	was the first husband of	query
7500	was the first medical school in	query
7501	was the first president of	query
7502	was the first prince of	query
7503	was the first ruler of	query
7504	was the first wife of	query
7505	was the former dutch queen of	query
7506	was the former holder of	query
7507	was the former wife of	query
7508	was the founder and inaugural president of	query
7509	was the founder and planner of	query
7510	was the founder of	query
7511	was the fourth monarch of	query
7512	was the fourth queen consort of	query
7513	was the future	query
7514	was the future queen	query
7515	was the giudice of	query
7516	was the governor of	query
7517	was the granddaughter of	query
7518	was the grandfather of	query
7519	was the grandmother of	query
7520	was the grandson of	query
7521	was the great granddaughter of	query
7522	was the great grandfather of	query
7523	was the great grandson of	query
7524	was the great uncle of	query
7525	was the hakim of	query
7526	was the half brother of	query
7527	was the half uncle of	query
7528	was the head of	query
7529	was the heir apparent of	query
7530	was the heir of	query
7531	was the heir presumptive of	query
7532	was the heir to	query
7533	was the heiress of	query
7534	was the hereditary prince of	query
7535	was the honorary president of	query
7536	was the husband of	query
7537	was the illegitimate son of	query
7538	was the inspiration for	query
7539	was the joint owner of	query
7540	was the khan of	query
7541	was the king of	query
7542	was the last	query
7543	was the last film of	query
7544	was the last king of	query
7545	was the last surviving grandchild of	query
7546	was the late emir of	query
7547	was the leader of	query
7548	was the location of	query
7549	was the lord of	query
7550	was the lover of	query
7551	was the manager of	query
7552	was the marquis of	query
7553	was the member of parliament from	query
7554	was the monastery where	query
7555	was the mother in law of	query
7556	was the mother of	query
7557	was the nephew of	query
7558	was the niece of	query
7559	was the nominal ruler of	query
7560	was the oldest child of	query
7561	was the only child of	query
7562	was the owner of	query
7563	was the palestinian entry for	query
7564	was the parent of	query
7565	was the paternal grandmother of	query
7566	was the patriarch from	query
7567	was the patriarch of	query
7568	was the patriarch until	query
7569	was the pen name of	query
7570	was the place of death of	query
7571	was the president of	query
7572	was the prince consort of	query
7573	was the princess consort of	query
7574	was the principal consort of	query
7575	was the private owner of	query
7576	was the producer of	query
7577	was the queen mother of	query
7578	was the queen of	query
7579	was the regent of	query
7580	was the residence of	query
7581	was the result of	query
7582	was the ruler of	query
7583	was the second	query
7584	was the second surviving son of	query
7585	was the second wife of	query
7586	was the singer of	query
7587	was the sister in law of	query
7588	was the sister of	query
7589	was the son of	query
7590	was the source for	query
7591	was the speaker of	query
7592	was the spouse of	query
7593	was the stepbrother of	query
7594	was the stepfather of	query
7595	was the stepmother of	query
7596	was the stepson of	query
7597	was the subject of a portrait by	query
7598	was the sultan of	query
7599	was the target of	query
7600	was the third emperor of	query
7601	was the third son of	query
7602	was the uncle of	query
7603	was the viceroy of	query
7604	was the ward of	query
7605	was the wife of	query
7606	was the younger brother of	query
7607	was the younger son of	query
7608	was the youngest child of	query
7609	was the youngest daughter of	query
7610	was the youngest son of	query
7611	was tied to	query
7612	was timber controller for	query
7613	was titled	query
7614	was to be created earl of lichfield by	query
7615	was to be published by	query
7616	was to be published on	query
7617	was to go to	query
7618	was top chart in	query
7619	was traded by	query
7620	was trainbearer to	query
7621	was trained in music by	query
7622	was translated into	query
7623	was trapped in	query
7624	was travelling from	query
7625	was travelling to	query
7626	was treasurer of	query
7627	was trusted representative in	query
7628	was unable to don	query
7629	was uncle of	query
7630	was uncle to	query
7631	was under	query
7632	was under contract to	query
7633	was under contract with	query
7634	was under protection of	query
7635	was unrelated to	query
7636	was unveiled at	query
7637	was up against	query
7638	was used by	query
7639	was used during	query
7640	was vassal of	query
7641	was venerated as	query
7642	was vicar of	query
7643	was viceroy of	query
7644	was victim of	query
7645	was victorious in	query
7646	was viscount of	query
7647	was voiced by	query
7648	was well known throughout	query
7649	was well received by	query
7650	was widow of	query
7651	was wife of	query
7652	was with	query
7653	was within	query
7654	was won by	query
7655	was working as foreman at	query
7656	was wounded at	query
7657	was wounded whilst filming	query
7658	was written and directed by	query
7659	was written and produced by	query
7660	was written by	query
7661	was written in	query
7662	was youngest son of	query
7663	washington duke	query
7664	watched by	query
7665	watches the show on	query
7666	wears	query
7667	wears number	query
7668	weaving through	query
7669	website details	query
7670	wed	query
7671	wed in	query
7672	wedded	query
7673	welcomes contributions from	query
7674	well known for work in	query
7675	well received by	query
7676	went in	query
7677	went into exile to	query
7678	went into exile upon	query
7679	went into recording	query
7680	went on	query
7681	went on a trip to	query
7682	went on an expedition to	query
7683	went on an expedition with	query
7684	went on exile in	query
7685	went on to	query
7686	went on to write and direct	query
7687	went to	query
7688	went up to	query
7689	went with	query
7690	were	query
7691	were abolished by law in	query
7692	were defeated by	query
7693	were excluded from	query
7694	were made on	query
7695	were nominated for	query
7696	were praised by	query
7697	were published in	query
7698	were resettled in	query
7699	were stripped of	query
7700	were supported by	query
7701	were to be given to	query
7702	were under the command of	query
7703	where	query
7704	widow	query
7705	widow married	query
7706	widow of	query
7707	widowed by	query
7708	widowed in	query
7709	wife	query
7710	wife is	query
7711	wife of	query
7712	wife to	query
7713	wife was	query
7714	will be released in	query
7715	will help	query
7716	will raise	query
7717	will was probated in	query
7718	will was proved at	query
7719	winner of	query
7720	wished he had not done	query
7721	with	query
7722	with her club	query
7723	with special remainder to	query
7724	with the assistance of	query
7725	withdrew from	query
7726	within	query
7727	within the parish of	query
7728	without	query
7729	witnessed	query
7730	won	query
7731	won a medal at	query
7732	won a victory at	query
7733	won against	query
7734	won at	query
7735	won award at	query
7736	won award for her role in	query
7737	won awards in	query
7738	won battle at	query
7739	won bronze medals at	query
7740	won by	query
7741	won commendation from	query
7742	won first prize in	query
7743	won gold medal in	query
7744	won in	query
7745	won jointly with heinrich wagner at	query
7746	won medals at	query
7747	won medals in	query
7748	won public office as	query
7749	won reelection in	query
7750	won seat in	query
7751	won success in	query
7752	won successes in	query
7753	won the 1st league meet of	query
7754	won the audience award at	query
7755	won the respect of	query
7756	won with	query
7757	words by	query
7758	wore	query
7759	work disliked by	query
7760	worked as	query
7761	worked as a model for	query
7762	worked as an accompanist on blues and jazz recordings with	query
7763	worked as assistant director for	query
7764	worked as assistant director to	query
7765	worked as assistant director with	query
7766	worked as producer on	query
7767	worked as special assistant to	query
7768	worked as the director of	query
7769	worked at	query
7770	worked between	query
7771	worked closely with	query
7772	worked during	query
7773	worked for	query
7774	worked in	query
7775	worked on	query
7776	worked on film	query
7777	worked on films by	query
7778	worked on movies like	query
7779	worked on script for	query
7780	worked to bring the body of	query
7781	worked under	query
7782	worked with	query
7783	working in	query
7784	working on	query
7785	works as	query
7786	works at	query
7787	works for	query
7788	works in	query
7789	works include	query
7790	works on	query
7791	works with	query
7792	worn at	query
7793	worshipped	query
7794	worshipped on	query
7795	would send a deputy to	query
7796	wounded at	query
7797	wrapping up in	query
7798	wrested control from	query
7799	wrestles with	query
7800	writer and director of	query
7801	writes	query
7802	writes about	query
7803	writes for	query
7804	writes on	query
7805	writes with	query
7806	writings were the basis of	query
7807	written	query
7808	written  directed  and produced by	query
7809	written about	query
7810	written and directed	query
7811	written and directed by	query
7812	written and produced by	query
7813	written and published by	query
7814	written and recorded by	query
7815	written and recorded with	query
7816	written and supervised by	query
7817	written biographies of	query
7818	written by	query
7819	written during	query
7820	written for	query
7821	written in	query
7822	written in collaboration with	query
7823	written to honor	query
7824	written to sell	query
7825	wrote	query
7826	wrote a play for	query
7827	wrote about	query
7828	wrote accounts of the lives and works of	query
7829	wrote and directed	query
7830	wrote arrangements for	query
7831	wrote arrangements with	query
7832	wrote between	query
7833	wrote biographies of	query
7834	wrote biography of	query
7835	wrote for	query
7836	wrote in	query
7837	wrote jingles for	query
7838	wrote letter to	query
7839	wrote libretti for operas by	query
7840	wrote libretto for opera	query
7841	wrote librettos for	query
7842	wrote novel	query
7843	wrote novel for	query
7844	wrote screenplay for	query
7845	wrote screenplays for	query
7846	wrote screenplays under	query
7847	wrote scripts for	query
7848	wrote songs for	query
7849	wrote stories of	query
7850	wrote texts of	query
7851	wrote that	query
7852	wrote the music of	query
7853	wrote the play for	query
7854	wrote the script for	query
7855	wrote the story for	query
7856	wrote thesis on	query
7857	wrote translations of works by	query
7858	wrote under the name	query
7859	wrote under the pen name	query
7860	wrote under the pen name of	query
7861	wrote under the pseudonym of	query
7862	year	query
7863	year of induction	query
7864	yielded	query
7865	young american man is	query
7866	younger brother of	query
0	178th short of	kb
1	1st earl of	kb
2	a commercial and critical failure after release in	kb
3	a lifestyle and food blog for	kb
4	a living in the gift of	kb
5	a sequel to	kb
6	a tributary of	kb
7	aa naluguru	kb
8	abandoned	kb
9	abandoned after	kb
10	abbess of	kb
11	abbreviated as	kb
12	abbreviations include	kb
13	abdicated	kb
14	abdicated his throne to	kb
15	abdicated in	kb
16	abdicated in favor of	kb
17	abdicated in favour of	kb
18	abdicated on	kb
19	abdicated the throne for the second and last time in	kb
20	abdicated the throne in	kb
21	abdicated to	kb
22	abducted	kb
23	abducted by	kb
24	abolished in	kb
25	abolished monarchy in	kb
26	about	kb
27	about which film was produced in	kb
28	acceded to the throne as	kb
29	accepted	kb
30	accepted by	kb
31	accepted offer from	kb
32	accepted the resignation of	kb
33	accepts	kb
34	accessed to	kb
35	accessioned in	kb
36	acclaimed at	kb
37	acclaimed by	kb
38	acclaimed for	kb
39	accompanied	kb
40	accompanied his father to	kb
41	accompanies	kb
42	accompanying music video directed by	kb
43	accompanying the release of	kb
44	accorded title of	kb
45	account of	kb
46	accredited by	kb
47	accredited to	kb
48	accused	kb
49	accused of	kb
50	accused of involvement in	kb
51	achieved	kb
52	achieved a career high singles ranking of	kb
53	achieved chart success in	kb
54	achieved dominion status in	kb
55	achieved personal best time in	kb
56	achieved personal best time of	kb
57	achieved popularity with	kb
58	achieved rank of	kb
59	achieved ranking in	kb
60	achieved ranking of	kb
61	achieved success with	kb
62	achieved victories over	kb
63	achieved victories with	kb
64	acknowledged	kb
65	acknowledged santa fe as	kb
66	acknowledged the rule of	kb
67	acquired	kb
68	acquired by	kb
69	acquired for	kb
70	acquired for distribution by	kb
71	acquired in	kb
72	acquired rights to	kb
73	acquired the rights with	kb
74	acquired wealth through	kb
75	acquired wealth through piracy activity on	kb
76	acted against	kb
77	acted as	kb
78	acted as an educator in the family of	kb
79	acted as governor in	kb
80	acted as peacemaker during	kb
81	acted as regent of	kb
82	acted as representative for	kb
83	acted between	kb
84	acted by	kb
85	acted in	kb
86	acted in films of	kb
87	acted on	kb
88	acted till	kb
89	acting chairman of	kb
90	active at	kb
91	active during	kb
92	active from	kb
93	active in	kb
94	active with	kb
95	activist against	kb
96	activities during	kb
97	activities in	kb
98	actor of	kb
99	acts as	kb
100	adaptation from	kb
101	adaptation of	kb
102	adapted	kb
103	adapted  arranged  and conducted by	kb
104	adapted as film with script by	kb
105	adapted by	kb
106	adapted for	kb
107	adapted for the screen by	kb
108	adapted from	kb
109	adapted from novel by	kb
110	adapted from the book	kb
111	adapted in	kb
112	adapted into	kb
113	adapted into film in	kb
114	adapted to screen by	kb
115	added	kb
116	added lyrics in	kb
117	added lyrics to	kb
118	added to	kb
119	additional production by	kb
120	additional shooting took place at	kb
121	addressed to	kb
122	addresses	kb
123	adjacent to	kb
124	adjoins	kb
125	administers	kb
126	administrative center was	kb
127	admire	kb
128	admired	kb
129	admissions described as	kb
130	admitted	kb
131	admitted as member of	kb
132	admitted to	kb
133	adopted	kb
134	adopted after	kb
135	adopted by	kb
136	adopted in	kb
137	adopted on	kb
138	adopted the name	kb
139	adopted the stage name of	kb
140	adoptive son of	kb
141	advance to	kb
142	advertised as	kb
143	advertised in	kb
144	advertised with	kb
145	advised	kb
146	advisor to	kb
147	advocate for	kb
148	advocate of	kb
149	advocated at	kb
150	advocated for	kb
151	advocates for	kb
152	affair led to death of	kb
153	affected by	kb
154	affecting	kb
155	affiliated to	kb
156	affiliated with	kb
157	affirmed	kb
158	after the death of	kb
159	against	kb
160	age is	kb
161	aged	kb
162	agreed to retire in	kb
163	agreed to retire with	kb
164	agreed to spend	kb
165	agrees to tell his story to	kb
166	aided	kb
167	aided by	kb
168	aided the production of	kb
169	aided victor iii in taking the vatican hill from	kb
170	aimed at providing	kb
171	aimed to	kb
172	aimed to disrupt	kb
173	aired	kb
174	aired for	kb
175	aired from	kb
176	aired in	kb
177	aired on	kb
178	aired until	kb
179	airs on	kb
180	album	kb
181	album is	kb
182	album name	kb
183	album of	kb
184	album produced by	kb
185	alerted	kb
186	aligned against	kb
187	aligned himself with	kb
188	aligned with	kb
189	alleged	kb
190	alleged member of	kb
191	alleged to be sealed in	kb
192	alleged to have affair with	kb
193	alleged to have raped	kb
194	allegedly poisoned by	kb
195	allied	kb
196	allied with	kb
197	allowed to marry	kb
198	along with	kb
199	also became count of nassau saarbr cken in	kb
200	also billed as	kb
201	also called	kb
202	also credited as	kb
203	also entitled	kb
204	also given to	kb
205	also in	kb
206	also includes	kb
207	also known as	kb
208	also plays as	kb
209	also referred to as	kb
210	also released as	kb
211	also rendered as	kb
212	also spelled as	kb
213	also studied under	kb
214	also the subject of	kb
215	also wrote under	kb
216	altered family name to	kb
217	altered in	kb
218	alternative title	kb
219	alternative version for overseas release of	kb
220	altitude	kb
221	amalgamation of	kb
222	ambassador for	kb
223	amended	kb
224	amended by	kb
225	american title is	kb
226	an adaptation of	kb
227	analyzed	kb
228	analyzes the life of	kb
229	ancestor of	kb
230	ancestral territories of	kb
231	ancestress of	kb
232	and	kb
233	animated by	kb
234	annexed	kb
235	annexed by	kb
236	annexed to	kb
237	announced	kb
238	announced as	kb
239	announced at	kb
240	announced by	kb
241	announced in	kb
242	announced plans to reorganize as	kb
243	announced the launch of	kb
244	announced to direct biopic of	kb
245	annulled marriage in	kb
246	another hebrew lexicographer with	kb
247	anthropomorphizes	kb
248	anticipated	kb
249	apologised to	kb
250	appealed by	kb
251	appealed to	kb
252	appeared as	kb
253	appeared as a judge on	kb
254	appeared as actor in	kb
255	appeared at	kb
256	appeared between	kb
257	appeared in	kb
258	appeared in film	kb
259	appeared in films between	kb
260	appeared in films such as	kb
261	appeared off	kb
262	appeared on	kb
263	appeared on album	kb
264	appeared on screen as	kb
265	appeared on television during	kb
266	appeared with	kb
267	appears as	kb
268	appears in	kb
269	appears on	kb
270	applies in	kb
271	applies to	kb
272	appointed	kb
273	appointed as	kb
274	appointed as captain in	kb
275	appointed as director of	kb
276	appointed as governor of	kb
277	appointed as professor of	kb
278	appointed assistant national director of	kb
279	appointed by	kb
280	appointed chairman of	kb
281	appointed colonel of	kb
282	appointed deputies to govern in	kb
283	appointed governor of	kb
284	appointed head of	kb
285	appointed in	kb
286	appointed military and civil governor of	kb
287	appointed military commander in	kb
288	appointed on	kb
289	appointed poet in residence at	kb
290	appointed queen regent in	kb
291	appointed to	kb
292	appointed to command	kb
293	apprentice with	kb
294	apprenticed under	kb
295	appropriated responsibilities during production of	kb
296	appropriates	kb
297	approved	kb
298	approved by	kb
299	approximately	kb
300	archbishop of	kb
301	archduchess of	kb
302	are	kb
303	are being raised in	kb
304	are characterized by	kb
305	are considered to be	kb
306	are from	kb
307	are members of	kb
308	are played by	kb
309	are set in	kb
310	argued by means of	kb
311	argued for the authenticity of	kb
312	arises from	kb
313	arises in	kb
314	arranged	kb
315	arranged action scenes for	kb
316	arranged action scenes with	kb
317	arrested	kb
318	arrested by	kb
319	arrested during	kb
320	arrested for	kb
321	arrested in	kb
322	arrived at	kb
323	arrived in	kb
324	arrives on	kb
325	art direction by	kb
326	art direction overseen by	kb
327	art director	kb
328	art directors are	kb
329	artist name based on	kb
330	artistic director from	kb
331	artwork created by	kb
332	as	kb
333	as a duo with	kb
334	as of	kb
335	ascended as	kb
336	ascended the throne	kb
337	ascended the throne as	kb
338	ascended the throne in	kb
339	ascended to	kb
340	ascended to the throne of	kb
341	ascended to the throne under the regency of	kb
342	ascension as ruler of	kb
343	ascension in	kb
344	asked	kb
345	asked hand in marriage of	kb
346	assassinated	kb
347	assassinated at	kb
348	assassinated by	kb
349	assassinated in	kb
350	assassinated on	kb
351	assassinated on the orders of	kb
352	assassinated using	kb
353	assassination sparked	kb
354	assembled	kb
355	assembled to select	kb
356	asserted authority over	kb
357	assigned	kb
358	assigned separate governor	kb
359	assigned to	kb
360	assigned to suppress	kb
361	assistant director for	kb
362	assistant director of	kb
363	assistant of	kb
364	assisted	kb
365	assisted by	kb
366	assisted in	kb
367	assists	kb
368	associate of	kb
369	associate producer	kb
370	associate producer on	kb
371	associated with	kb
372	assumed duties of	kb
373	assumed name of	kb
374	assumed office in	kb
375	assumed office on	kb
376	assumed position of	kb
377	assumed seat in	kb
378	assumed the additional name of	kb
379	assumed the name	kb
380	assumed the regency while	kb
381	assumed the surname of	kb
382	assumed the title of	kb
383	assumed titles of	kb
384	at	kb
385	at the end of	kb
386	at the place of	kb
387	atoned for brutal treatment of	kb
388	attached to	kb
389	attack on	kb
390	attacked	kb
391	attacks	kb
392	attained majority on	kb
393	attained to the rank of	kb
394	attempt to escape	kb
395	attempted suicide on the day of	kb
396	attempted to disrupt	kb
397	attempted to invade the northern border lands of	kb
398	attempted to mediate between	kb
399	attempted to poison	kb
400	attempted to prove	kb
401	attempted to repeal	kb
402	attempted to repeal at	kb
403	attempted to repeal by	kb
404	attempted to sabotage	kb
405	attempted to start	kb
406	attempted to transfer territories of	kb
407	attempts to free himself from	kb
408	attempts to recruit	kb
409	attempts to redefine	kb
410	attended	kb
411	attended by	kb
412	attended high school with	kb
413	attended the funeral of	kb
414	attends	kb
415	attracted	kb
416	attracted by	kb
417	attracted to	kb
418	attracts students from	kb
419	attributed to	kb
420	attributes osthryth s murder to	kb
421	audited courses at	kb
422	aunt of	kb
423	author of	kb
424	authored	kb
425	authored articles under	kb
426	authored biography of	kb
427	authored book about	kb
428	authored by	kb
429	authorized to raise armies in	kb
430	authorship of	kb
431	available in	kb
432	available on	kb
433	available with	kb
434	avenges	kb
435	averaged	kb
436	avoided confusion with	kb
437	awakens	kb
438	awakes to	kb
439	award at	kb
440	awarded	kb
441	awarded at	kb
442	awarded by	kb
443	awarded damages for	kb
444	awarded for	kb
445	awarded in	kb
446	awarded membership into	kb
447	awarded on	kb
448	awarded residencies to	kb
449	awarded status of fellow in	kb
450	awarded the title of	kb
451	awarded to	kb
452	awarded with	kb
453	awards	kb
454	b side for	kb
455	b side to	kb
456	backed by	kb
457	backing band for	kb
458	bandmate of	kb
459	banished by	kb
460	bankrolled	kb
461	banned	kb
462	banned by	kb
463	baptised by	kb
464	baptised on	kb
465	baptized on	kb
466	based at	kb
467	based in	kb
468	based on	kb
469	based on a novel by	kb
470	based on a story by	kb
471	based on book by	kb
472	based on character from novels by	kb
473	based on characters from	kb
474	based on music by	kb
475	based on novel	kb
476	based on novel by	kb
477	based on novel published in	kb
478	based on novels by	kb
479	based on play by	kb
480	based on story by	kb
481	based on the life of	kb
482	based on the lives of	kb
483	based on the novel	kb
484	based on the play	kb
485	based on the story by	kb
486	based symphony concertante on	kb
487	based upon	kb
488	based upon the novel by	kb
489	basis for movie version starring	kb
490	basis of	kb
491	battled	kb
492	battled on behalf of	kb
493	battled to have	kb
494	battles	kb
495	bears	kb
496	beat	kb
497	beatified by	kb
498	became	kb
499	became a byword for	kb
500	became a hit for	kb
501	became a lawyer in	kb
502	became a member of	kb
503	became a regular judge in	kb
504	became a star of	kb
505	became a subject of	kb
506	became abbess of	kb
507	became an appellate judge pro tem in	kb
508	became assistant private secretary to	kb
509	became attorney to	kb
510	became captain and colonel of	kb
511	became chairman of	kb
512	became chief queen of	kb
513	became city secretary of	kb
514	became closer to	kb
515	became coeducational in	kb
516	became councillor for	kb
517	became count in	kb
518	became count of nassau weilburg in	kb
519	became count palatine in	kb
520	became countess of	kb
521	became countess of burgundy in	kb
522	became countess of essex by marriage to	kb
523	became dauphin of france in	kb
524	became director of	kb
525	became disabled after	kb
526	became duke of limburg in	kb
527	became duke of medina sidonia in	kb
528	became editor of	kb
529	became emir in	kb
530	became emir of	kb
531	became emperor	kb
532	became emperor after	kb
533	became extinct upon the death of	kb
534	became film star in	kb
535	became friend of	kb
536	became general to	kb
537	became head in	kb
538	became head of	kb
539	became head of production for	kb
540	became head of state after	kb
541	became hit with	kb
542	became involved in	kb
543	became king following the death of	kb
544	became king in	kb
545	became king of	kb
546	became king on	kb
547	became known for	kb
548	became known for views of	kb
549	became lady of	kb
550	became lord of	kb
551	became member in	kb
552	became member of	kb
553	became mother of	kb
554	became notable for her influence over	kb
555	became organist at	kb
556	became part of	kb
557	became partisan of	kb
558	became president of	kb
559	became queen consort of	kb
560	became queen of	kb
561	became regent of	kb
562	became sadaijin in	kb
563	became sessho for	kb
564	became spouse of	kb
565	became stadtholder of	kb
566	became stepmother of	kb
567	became the 1st duke of cleves in	kb
568	became the count of	kb
569	became the duke of	kb
570	became the editor of	kb
571	became the first performer to	kb
572	became the second wife of	kb
573	became the sole ruler of	kb
574	became the spokesman and director of poker programming at	kb
575	became the sub editor of	kb
576	became the sultan of	kb
577	became the wife of	kb
578	became vassal of	kb
579	became viscount powerscourt in	kb
580	became well known in	kb
581	became widow and married	kb
582	became widow during	kb
583	becomes	kb
584	becomes involved with	kb
585	becomes transformed into	kb
586	bedridden in	kb
587	befriend	kb
588	befriended	kb
589	befriends	kb
590	began a relationship with	kb
591	began acting career at	kb
592	began career at	kb
593	began career during	kb
594	began career in	kb
595	began career in the reign of	kb
596	began construction of	kb
597	began development of	kb
598	began directoral career at	kb
599	began film career in	kb
600	began his rule in	kb
601	began in	kb
602	began losing vision at	kb
603	began making	kb
604	began military career in	kb
605	began production in	kb
606	began singing career in	kb
607	began theatrical release in	kb
608	began to direct in	kb
609	began to explore	kb
610	began to flourish as	kb
611	began to tour with	kb
612	began work for	kb
613	began working as	kb
614	begins to fall apart	kb
615	begins with	kb
616	being adapted for film by	kb
617	being chased by	kb
618	being filmed at	kb
619	being produced in	kb
620	believed	kb
621	believed in	kb
622	belong to	kb
623	belonged to	kb
624	belonged to the trend of	kb
625	belongs to	kb
626	belongs to family	kb
627	beloved of	kb
628	benefited from	kb
629	benefits from	kb
630	benefitted from	kb
631	bequeathed	kb
632	besieged	kb
633	best known as the creator of	kb
634	best known for	kb
635	best known for composing	kb
636	best known for directing	kb
637	best known for her role in	kb
638	best known for playing	kb
639	best known for producing	kb
640	best known for role in	kb
641	best known for roles in	kb
642	best known for writing	kb
643	best remembered for	kb
644	best remembered for role in	kb
645	best selling solo artist in	kb
646	bestowed power on	kb
647	betrayed	kb
648	betrayed by	kb
649	betrothal to	kb
650	betrothed to	kb
651	better known as	kb
652	better than	kb
653	between	kb
654	billed as	kb
655	billed under	kb
656	biographer is	kb
657	biography by	kb
658	birth date	kb
659	birth name	kb
660	birth name is	kb
661	birth name was	kb
662	bishop of	kb
663	blame	kb
664	blamed for	kb
665	blended	kb
666	boasted that	kb
667	body was re autopsied in	kb
668	boosted the career of	kb
669	border of	kb
670	bordered by	kb
671	bore	kb
672	born	kb
673	born and raised in	kb
674	born as	kb
675	born at	kb
676	born between	kb
677	born in	kb
678	born into	kb
679	born near	kb
680	born on	kb
681	born to	kb
682	borrowed from	kb
683	bought	kb
684	bought back	kb
685	bought the rights from	kb
686	bounded by	kb
687	bowls	kb
688	box office of	kb
689	bred	kb
690	breeding	kb
691	bridged	kb
692	briefly lived in	kb
693	brings back	kb
694	brings home	kb
695	british version of	kb
696	broadcast	kb
697	broadcast by	kb
698	broadcast on	kb
699	broadcast since	kb
700	broadcasted	kb
701	broadcasted for	kb
702	broadcasted in	kb
703	broadcasted on	kb
704	broadcasted to	kb
705	broadcasting	kb
706	broadened	kb
707	broadway play by	kb
708	broke	kb
709	broke from	kb
710	broke up in	kb
711	broke up relationship with	kb
712	broken his hand during	kb
713	brother in law of	kb
714	brother in law to	kb
715	brother is	kb
716	brother of	kb
717	brother was	kb
718	brought	kb
719	brought estates into	kb
720	brought together	kb
721	brought under	kb
722	brought up by	kb
723	budget	kb
724	budget of	kb
725	built	kb
726	built a house for	kb
727	built by	kb
728	built for	kb
729	built his studio in	kb
730	built in	kb
731	built or restored fortifications to	kb
732	built the haffar channel  that joined	kb
733	built the port of	kb
734	buried at	kb
735	buried beside	kb
736	buried in	kb
737	buried on	kb
738	buried under the name	kb
739	buried with	kb
740	buried within	kb
741	burned at the stake on	kb
742	business partner of	kb
743	business passed to	kb
744	by	kb
745	by marriage	kb
746	by the band	kb
747	bypassed in favour of	kb
748	cadet branch of	kb
749	called	kb
750	called by	kb
751	called for	kb
752	called himself	kb
753	called out of	kb
754	called to	kb
755	calls	kb
756	came from	kb
757	came into conflicts with	kb
758	came into control of	kb
759	came into power after	kb
760	came of age in	kb
761	came on	kb
762	came out after	kb
763	came out earlier the same year as	kb
764	came out in	kb
765	came out on	kb
766	came to	kb
767	came to offer	kb
768	came to prominence in	kb
769	came under the influence of	kb
770	came via	kb
771	came with	kb
772	cameo by	kb
773	camera work handled by	kb
774	campaign for	kb
775	campaigned against	kb
776	campaigning alongside	kb
777	camped in	kb
778	can be awarded to	kb
779	can be contacted at	kb
780	can be downloaded from	kb
781	can only utter	kb
782	can play as	kb
783	can refer to	kb
784	cancelled due to	kb
785	cancelled release of albums after	kb
786	candidated as mayor of	kb
787	canon of	kb
788	canonised	kb
789	capital in	kb
790	capitalized on	kb
791	capped his output with	kb
792	captain of	kb
793	captained by	kb
794	captured	kb
795	captured and destroyed	kb
796	captured at	kb
797	captured by	kb
798	captured from	kb
799	captured in	kb
800	captured on	kb
801	captures	kb
802	career began in	kb
803	career ended in	kb
804	career included works in	kb
805	career launched by	kb
806	career peaked in	kb
807	career spanned	kb
808	career was	kb
809	careers launched by	kb
810	caretaker	kb
811	carried out studies in	kb
812	carried out studies until	kb
813	carried out the assassination of	kb
814	carried out the attack under the instruction of	kb
815	carried the ball	kb
816	carries	kb
817	carries out engagements on behalf of	kb
818	carries out mandates at	kb
819	carries out post production work at	kb
820	carries the torch of	kb
821	carrying dispatches for	kb
822	carved a middle path between	kb
823	case was investigated by	kb
824	cast for	kb
825	cast in	kb
826	cast include	kb
827	cast includes	kb
828	cast member of	kb
829	cast members	kb
830	castellan of	kb
831	casting works in	kb
832	catalogued for	kb
833	categorized as	kb
834	category	kb
835	category for	kb
836	caught in	kb
837	caused	kb
838	caused arrest of	kb
839	caused by	kb
840	caused conflicts with	kb
841	caused controversy with	kb
842	causes	kb
843	ceased paying	kb
844	ceased publication after	kb
845	ceased publication in	kb
846	ceased to be active	kb
847	ceased to exist when	kb
848	ceased to use	kb
849	celebrated by	kb
850	cemented links with	kb
851	centers on	kb
852	centralized	kb
853	centred round	kb
854	ceo of	kb
855	certified	kb
856	certified as	kb
857	certified in	kb
858	certified million by	kb
859	certified singles as	kb
860	chaired	kb
861	chairman of	kb
862	challenged	kb
863	champion wrestler of	kb
864	championed	kb
865	chancellor to	kb
866	changed allegiance to	kb
867	changed her name to	kb
868	changed his citizenship to	kb
869	changed his name to	kb
870	changed in	kb
871	changed its name in	kb
872	changed its name to	kb
873	changed name to	kb
874	changed surname to	kb
875	changed the location to	kb
876	changed the name of	kb
877	changed the official title of	kb
878	changed to	kb
879	character named	kb
880	character played by	kb
881	characterized as	kb
882	charged with adultery with	kb
883	charlemagne as emperor over	kb
884	charted hits in	kb
885	charted in	kb
886	charted on	kb
887	charted singles in	kb
888	chased after by	kb
889	chases away	kb
890	cheated out of	kb
891	cherry creek	kb
892	chief of	kb
893	chiefly located in	kb
894	chiefly remembered for	kb
895	child of	kb
896	chinese name translates as	kb
897	chinese title	kb
898	chooses to normalize	kb
899	choreographed	kb
900	choreographed by	kb
901	choreography created by	kb
902	chose	kb
903	chose brother in law as	kb
904	chosen	kb
905	chosen as	kb
906	chosen by	kb
907	chosen king by	kb
908	chosen to receive	kb
909	christened	kb
910	christened on	kb
911	chronicled	kb
912	chronicled by	kb
913	chronicled in	kb
914	chronicles	kb
915	chronicles the life of	kb
916	chronicles the lives of	kb
917	chronology dates reign of	kb
918	churchwarden of	kb
919	cinematography by	kb
920	cinematography performed by	kb
921	circumscribed on	kb
922	cited as	kb
923	cited as influential modern timbalero with	kb
924	cited as the beginning of	kb
925	claimant to	kb
926	claimant to the throne of	kb
927	claimed	kb
928	claimed by	kb
929	claimed legitimacy on grounds of	kb
930	claimed nationality as	kb
931	claimed the emirate of	kb
932	claimed the life of	kb
933	claimed the throne of	kb
934	claimed the title	kb
935	claimed to be spouse of	kb
936	claims	kb
937	claims to be	kb
938	claims to be in	kb
939	clashed with	kb
940	class of	kb
941	close confidante of	kb
942	close political associate of	kb
943	closed	kb
944	closed in	kb
945	closed on	kb
946	co author of	kb
947	co authored	kb
948	co created by	kb
949	co creator of	kb
950	co devised	kb
951	co directed	kb
952	co directed by	kb
953	co director of	kb
954	co edited a local student magazine with	kb
955	co editor of	kb
956	co founded	kb
957	co founded by	kb
958	co founder of	kb
959	co invented	kb
960	co leads	kb
961	co led by	kb
962	co owned	kb
963	co presented with	kb
964	co produced	kb
965	co produced and released by	kb
966	co produced by	kb
967	co production between	kb
968	co regent of	kb
969	co regent with	kb
970	co ruler in	kb
971	co scripted	kb
972	co starred in	kb
973	co stars	kb
974	co stars as	kb
975	co stars with	kb
976	co winner of	kb
977	co writer of	kb
978	co written by	kb
979	co written for	kb
980	co written with	kb
981	co wrote	kb
982	co wrote and produced	kb
983	co wrote screenplay for	kb
984	co wrote with	kb
985	coached	kb
986	coached at	kb
987	coached by	kb
988	coached for	kb
989	coached from	kb
990	coached until	kb
991	coaches	kb
992	coauthored papers with	kb
993	codified	kb
994	coerces	kb
995	coined the term	kb
996	collaborated in	kb
997	collaborated on	kb
998	collaborated with	kb
999	collaborator with	kb
1000	collapsed in	kb
1001	collapsed into	kb
1002	colleague of	kb
1003	collected	kb
1004	collected at	kb
1005	collected by	kb
1006	collection dating from	kb
1007	collects money for	kb
1008	colonel in	kb
1009	colonel of	kb
1010	combat against	kb
1011	combined	kb
1012	combined the positions of	kb
1013	combined with	kb
1014	combines	kb
1015	combines genres	kb
1016	combines musical traditions of	kb
1017	comedy play written in	kb
1018	comes from	kb
1019	commanded	kb
1020	commanded a brigade at	kb
1021	commanded a division of the crusader army during	kb
1022	commanded by	kb
1023	commanded the fleet of	kb
1024	commanded troops at	kb
1025	commander in	kb
1026	commander in chief of	kb
1027	commander of	kb
1028	commemorated	kb
1029	commenced in	kb
1030	comment motivated	kb
1031	commentary during	kb
1032	commented about	kb
1033	commented on	kb
1034	comments on	kb
1035	commissioned	kb
1036	commissioned by	kb
1037	commissioned for	kb
1038	commissioned in	kb
1039	commissioned on	kb
1040	commissioned to write	kb
1041	commits	kb
1042	commits funding support to	kb
1043	committed	kb
1044	committed suicide after the defeat at	kb
1045	commonly known as	kb
1046	commonly self styled as	kb
1047	communicates with	kb
1048	companion of	kb
1049	compared	kb
1050	compared to	kb
1051	compelled to leave	kb
1052	compete for affections of	kb
1053	compete in	kb
1054	competed against	kb
1055	competed at	kb
1056	competed for	kb
1057	competed in	kb
1058	competed on	kb
1059	competed with	kb
1060	competes for	kb
1061	competes in	kb
1062	competes with	kb
1063	competing in	kb
1064	competitors include	kb
1065	compiled	kb
1066	compiling	kb
1067	completed	kb
1068	completed and distributed in	kb
1069	completed by	kb
1070	completed college career in	kb
1071	completed his career as	kb
1072	completed his studies at	kb
1073	completed in	kb
1074	completed post production in	kb
1075	completed studies at	kb
1076	completely deaf in	kb
1077	completes	kb
1078	composed	kb
1079	composed by	kb
1080	composed for	kb
1081	composed in	kb
1082	composed lyrics to	kb
1083	composed music for	kb
1084	composed of	kb
1085	composed song for	kb
1086	composed the music of	kb
1087	composed the original score for	kb
1088	composed the theme for	kb
1089	composed with	kb
1090	composer	kb
1091	composer of	kb
1092	composes	kb
1093	comprises	kb
1094	conceived	kb
1095	conceived and named for	kb
1096	conceived following divorce from	kb
1097	concentrated its foreign language production during	kb
1098	concerned about	kb
1099	concerns	kb
1100	concerns the saga of	kb
1101	concerns themes of	kb
1102	concluded his tenure on	kb
1103	concluded on	kb
1104	condemned	kb
1105	conducted	kb
1106	conducted fleet from	kb
1107	conducted investigations during	kb
1108	conducted raids during	kb
1109	conducted raids in	kb
1110	conducted raids on	kb
1111	conducted studies of	kb
1112	conducted the orchestra of	kb
1113	conducts research on	kb
1114	conferred title in	kb
1115	confirmed	kb
1116	confirmed and patronized	kb
1117	confirmed as	kb
1118	confirmed as king of	kb
1119	confirmed donation to	kb
1120	confirmed royal charters of	kb
1121	confirmed the style of	kb
1122	confiscated lands of	kb
1123	confluence with	kb
1124	confluences with	kb
1125	confronted	kb
1126	confronts	kb
1127	confused with	kb
1128	connected to	kb
1129	connected with	kb
1130	connects	kb
1131	conquered	kb
1132	conquered by	kb
1133	conquered the castles of	kb
1134	consecrated	kb
1135	consecrated in	kb
1136	consented to	kb
1137	consented to the annulment of the marriage in	kb
1138	considered	kb
1139	considered a major figure in	kb
1140	considered as	kb
1141	considered candidate for	kb
1142	considered groundbreaking for	kb
1143	considered offensive to	kb
1144	considered to be	kb
1145	considered to direct	kb
1146	consist mainly of	kb
1147	consisted of	kb
1148	consists of	kb
1149	consolidated	kb
1150	consolidated power in	kb
1151	consort of	kb
1152	conspired with	kb
1153	constructed	kb
1154	constructed on	kb
1155	consul in	kb
1156	consulting chemist to	kb
1157	contacted	kb
1158	contacted by	kb
1159	contain	kb
1160	contained content about	kb
1161	contained expansionism of	kb
1162	contains	kb
1163	contains material on	kb
1164	contains references to	kb
1165	contains works by	kb
1166	contemplated the idea of making a film based on	kb
1167	contemporary of	kb
1168	continued	kb
1169	continued by	kb
1170	continued career as	kb
1171	continued conquests as far west as	kb
1172	continued conquests in	kb
1173	continued germanic studies at	kb
1174	continued in partnership until	kb
1175	continued into	kb
1176	continued on	kb
1177	continued research on	kb
1178	continued to direct films in	kb
1179	continued to produce	kb
1180	continued under	kb
1181	continued until	kb
1182	continued working with	kb
1183	continues the story of	kb
1184	continues to	kb
1185	continues to tour with	kb
1186	contracts	kb
1187	contrasts with	kb
1188	contributed	kb
1189	contributed by	kb
1190	contributed music for	kb
1191	contributed songs to	kb
1192	contributed the voice of	kb
1193	contributed to	kb
1194	contributions to	kb
1195	contributor of	kb
1196	contributor to	kb
1197	controlled	kb
1198	controlled by	kb
1199	controlling shareholder of	kb
1200	converge with	kb
1201	conversion to	kb
1202	converted from	kb
1203	converted to	kb
1204	converts	kb
1205	convicted by	kb
1206	convicted for	kb
1207	convicted of	kb
1208	convinced	kb
1209	convinced islanders to stay during	kb
1210	convinced producers to finance	kb
1211	cooperated with	kb
1212	coordinated	kb
1213	coproduction between	kb
1214	copy of	kb
1215	copyrighted	kb
1216	core plot elements adapted from	kb
1217	coronation in	kb
1218	corresponded with	kb
1219	correspondence held at	kb
1220	costarred with	kb
1221	costumes designed by	kb
1222	could bat	kb
1223	could feed oil via	kb
1224	could not allow buenos aires to	kb
1225	could not take seat in	kb
1226	could speak	kb
1227	count of	kb
1228	count of holland	kb
1229	count of mortagne and	kb
1230	count of mortagne from	kb
1231	count of perche from	kb
1232	count of perche until	kb
1233	count palatine of	kb
1234	count palatine of sulzbach from	kb
1235	countess consort of	kb
1236	countess of	kb
1237	court historian of	kb
1238	courted	kb
1239	courtesy name	kb
1240	cousin of	kb
1241	cover	kb
1242	cover and interviews stars included	kb
1243	cover of	kb
1244	covered	kb
1245	covered by	kb
1246	covered information concerning	kb
1247	covered the song	kb
1248	covers	kb
1249	covers part of	kb
1250	coveted	kb
1251	cowriter of	kb
1252	cracked	kb
1253	crafted images that celebrate	kb
1254	crashes into	kb
1255	created	kb
1256	created as	kb
1257	created by	kb
1258	created for	kb
1259	created garden with	kb
1260	created in	kb
1261	created projects with	kb
1262	created the line of the house	kb
1263	created through partnership with	kb
1264	created to facilitate	kb
1265	created trio with	kb
1266	creates	kb
1267	creating	kb
1268	creating mutants with	kb
1269	creations incorporated	kb
1270	creator of	kb
1271	credited	kb
1272	credited as	kb
1273	credited as arranger of	kb
1274	credited by	kb
1275	credited for	kb
1276	credited in	kb
1277	credited screenplay by	kb
1278	credited to	kb
1279	credited with	kb
1280	credited with being the first	kb
1281	credited with directing	kb
1282	credited with introducing	kb
1283	credited with launching the careers of	kb
1284	credited with setting the template for	kb
1285	credits	kb
1286	cremated at	kb
1287	cremation held at	kb
1288	critic of	kb
1289	criticised	kb
1290	criticized	kb
1291	criticized as	kb
1292	criticized for	kb
1293	criticizes	kb
1294	critique of	kb
1295	crossed 50 crore mark at	kb
1296	crosses	kb
1297	crowned	kb
1298	crowned as	kb
1299	crowned at	kb
1300	crowned by	kb
1301	crowned emperor by	kb
1302	crowned empress on	kb
1303	crowned himself emperor with the title	kb
1304	crowned in	kb
1305	crowned king of burgundy at	kb
1306	crowned king of italy on	kb
1307	culminating with	kb
1308	curated the exhibition	kb
1309	current coach is	kb
1310	current leader of	kb
1311	current status	kb
1312	currently lives in	kb
1313	customers include	kb
1314	cut	kb
1315	cut in	kb
1316	cuts	kb
1317	czechoslovak entry for	kb
1318	damaged	kb
1319	danced for	kb
1320	danced in	kb
1321	dancer in	kb
1322	date of birth	kb
1323	date of death	kb
1324	dated	kb
1325	dated from	kb
1326	dated reign of unnamed judge to	kb
1327	dated to	kb
1328	dates pharnavaz s rule to	kb
1329	dates reign to	kb
1330	daughter in law was	kb
1331	daughter of	kb
1332	deals with	kb
1333	dealt a blow to	kb
1334	death compensated by	kb
1335	death confirmed as	kb
1336	death date	kb
1337	death described by	kb
1338	death divided his kingdom among	kb
1339	death drew attention to	kb
1340	death in	kb
1341	death probably caused by	kb
1342	death rumored to be result of	kb
1343	debut album released in	kb
1344	debut feature was	kb
1345	debut film was	kb
1346	debut in	kb
1347	debut in film	kb
1348	debut novel published in	kb
1349	debut single	kb
1350	debuted as	kb
1351	debuted as a member of	kb
1352	debuted as director with	kb
1353	debuted as film music director in	kb
1354	debuted at	kb
1355	debuted during	kb
1356	debuted for	kb
1357	debuted in	kb
1358	debuted in direction with	kb
1359	debuted on	kb
1360	debuted on album of	kb
1361	debuted single	kb
1362	debuted under	kb
1363	decide to manufacture	kb
1364	decided	kb
1365	decided against	kb
1366	decided to issue	kb
1367	decided to launch	kb
1368	decided to not direct	kb
1369	decided to sell	kb
1370	decided to take	kb
1371	decides to record	kb
1372	decides to run in	kb
1373	declared	kb
1374	declared allegiance to	kb
1375	declared for	kb
1376	declared independence from	kb
1377	declared outlaw by	kb
1378	decorated	kb
1379	decorated with	kb
1380	dedicated	kb
1381	dedicated the seventh reconstruction of	kb
1382	dedicated time to	kb
1383	dedicated to	kb
1384	deemed a threat to	kb
1385	defeated	kb
1386	defeated and killed	kb
1387	defeated at	kb
1388	defeated by	kb
1389	defeated in	kb
1390	defeated in battle by	kb
1391	defended	kb
1392	defended claims on	kb
1393	defending champion of	kb
1394	defends	kb
1395	defied	kb
1396	defined by	kb
1397	deified by	kb
1398	delayed its completion for	kb
1399	delayed to	kb
1400	delegated power to	kb
1401	delivered	kb
1402	delivered films for	kb
1403	delivers performance in	kb
1404	demonstrated	kb
1405	demonstrated versatility with	kb
1406	demos for	kb
1407	denied	kb
1408	denied admission to	kb
1409	denotes	kb
1410	departed from	kb
1411	depended on	kb
1412	depicted	kb
1413	depicted in	kb
1414	depicted in the film as	kb
1415	depicted with	kb
1416	depicting activities during	kb
1417	depicts	kb
1418	depicts life of	kb
1419	depicts operations of	kb
1420	depicts romance between	kb
1421	depicts the life of	kb
1422	deplored	kb
1423	deported	kb
1424	deposed	kb
1425	deposed by	kb
1426	deposed in	kb
1427	deposition by	kb
1428	deprived by	kb
1429	deprived for	kb
1430	deputy for	kb
1431	deputy head of	kb
1432	deputy mayor of	kb
1433	deputy to	kb
1434	derive	kb
1435	derived from	kb
1436	derived its name from	kb
1437	derived its plot from	kb
1438	descendant of	kb
1439	descendants include	kb
1440	descendants of	kb
1441	descended from	kb
1442	descends from	kb
1443	described	kb
1444	described as	kb
1445	described as evoking	kb
1446	described by	kb
1447	described her life for the year of	kb
1448	described his policies as	kb
1449	described in	kb
1450	described rao as	kb
1451	described relationship with	kb
1452	describes	kb
1453	desecrated	kb
1454	design was submitted by	kb
1455	designated	kb
1456	designated as	kb
1457	designed	kb
1458	designed by	kb
1459	designed for	kb
1460	designed sets for	kb
1461	designed to enhance	kb
1462	designed using	kb
1463	designs	kb
1464	desired to produce	kb
1465	desperate to discover	kb
1466	destination of	kb
1467	destroyed	kb
1468	detailed	kb
1469	details	kb
1470	details the production of	kb
1471	developed	kb
1472	developed at	kb
1473	developed by	kb
1474	developed in	kb
1475	developed into	kb
1476	developing	kb
1477	developing and producing projects for	kb
1478	develops	kb
1479	devised by	kb
1480	devolved on	kb
1481	devolved upon	kb
1482	devoted	kb
1483	devoted herself to	kb
1484	devoted himself to	kb
1485	devoted to	kb
1486	diagnosed with	kb
1487	diameter	kb
1488	did	kb
1489	did concerts with	kb
1490	did filming and production in	kb
1491	did homage to	kb
1492	did music direction for	kb
1493	did music direction with lyrics by	kb
1494	did musical score for	kb
1495	did not accept	kb
1496	did not achieve	kb
1497	did not appear in	kb
1498	did not contain	kb
1499	did not enter	kb
1500	did not formally regain the title of king until	kb
1501	did not make another appearance in	kb
1502	did not offer to	kb
1503	did percussion on	kb
1504	did production design for	kb
1505	did schooling from	kb
1506	did the editing for	kb
1507	did the most for the morale of	kb
1508	died	kb
1509	died aboard	kb
1510	died about	kb
1511	died after	kb
1512	died against	kb
1513	died at	kb
1514	died at age	kb
1515	died at the age of	kb
1516	died at the siege of	kb
1517	died before	kb
1518	died before the restitution  aged	kb
1519	died between	kb
1520	died childless on	kb
1521	died circa	kb
1522	died during	kb
1523	died during the shoot of	kb
1524	died fighting under the leadership of	kb
1525	died from	kb
1526	died in	kb
1527	died in or near	kb
1528	died leaving	kb
1529	died near	kb
1530	died of	kb
1531	died on	kb
1532	died only a few weeks later after	kb
1533	died out	kb
1534	died out at the death of	kb
1535	died outside	kb
1536	died ten days after	kb
1537	died under	kb
1538	died unmarried in	kb
1539	died while covering	kb
1540	died with	kb
1541	died within a few days of	kb
1542	died without	kb
1543	directed	kb
1544	directed 26 episodes of	kb
1545	directed an episode of	kb
1546	directed and enacted by	kb
1547	directed and produced by	kb
1548	directed and written by	kb
1549	directed as many	kb
1550	directed between	kb
1551	directed by	kb
1552	directed episode of	kb
1553	directed episodes of	kb
1554	directed expedition against	kb
1555	directed films between	kb
1556	directed films for	kb
1557	directed films in	kb
1558	directed films since	kb
1559	directed films starring	kb
1560	directed for	kb
1561	directed his last film in	kb
1562	directed in	kb
1563	directed last film in	kb
1564	directed more than	kb
1565	directed movies between	kb
1566	directed over	kb
1567	directed primarily in	kb
1568	directed productions at	kb
1569	directed segment of	kb
1570	directed the final episode of	kb
1571	directed the web spinoff called	kb
1572	directed theatrical productions in	kb
1573	directing	kb
1574	director and screenwriter of	kb
1575	director from	kb
1576	director is	kb
1577	director of	kb
1578	director of photography	kb
1579	director s seat given to	kb
1580	director to	kb
1581	directorial debut with	kb
1582	directs	kb
1583	directs films in	kb
1584	disagreement with	kb
1585	disappearance inspired	kb
1586	disappeared before	kb
1587	disappeared from	kb
1588	disappeared from history in	kb
1589	disappeared in	kb
1590	disbanded in	kb
1591	discharges into	kb
1592	discontinued paper and ink publication in	kb
1593	discover	kb
1594	discovered	kb
1595	discovered by	kb
1596	discovered in	kb
1597	discovered on	kb
1598	discovered properties of	kb
1599	discuss	kb
1600	discusses	kb
1601	disembarked at	kb
1602	disguises himself as	kb
1603	disliked	kb
1604	dismissed	kb
1605	dismissed from	kb
1606	dismissed in	kb
1607	dismissed on	kb
1608	disowned by	kb
1609	dispatched	kb
1610	dispensation on	kb
1611	displayed in	kb
1612	disputed with	kb
1613	disseminates knowledge on	kb
1614	dissertation from	kb
1615	dissolved	kb
1616	dissolved into	kb
1617	distance from central business district	kb
1618	distanced himself from	kb
1619	distant cousin of	kb
1620	distinguished for services in the reign of	kb
1621	distributed	kb
1622	distributed by	kb
1623	distributed in	kb
1624	distributed on	kb
1625	distributed primarily as	kb
1626	distributed through	kb
1627	distributed to	kb
1628	distributed to subscribers of	kb
1629	distribution by	kb
1630	distributor of	kb
1631	divided	kb
1632	divided by	kb
1633	divided into	kb
1634	divided the country between	kb
1635	divided the duchies of	kb
1636	divided the duchies with	kb
1637	divorced	kb
1638	divorced in	kb
1639	doctor of law in	kb
1640	documentaries topics include	kb
1641	documentary by	kb
1642	documentary featured	kb
1643	documented	kb
1644	documents	kb
1645	documents the recording of	kb
1646	does not appear with	kb
1647	does not play	kb
1648	does not share country code with	kb
1649	does research in	kb
1650	doing research for	kb
1651	dominated	kb
1652	dominated by	kb
1653	dominated trade between	kb
1654	donated	kb
1655	donated home for	kb
1656	donated inheritance to	kb
1657	donated money in memory of	kb
1658	donated parts of the proceeds to	kb
1659	donated to	kb
1660	donates a portion of every sale to	kb
1661	doubling in	kb
1662	drafted	kb
1663	drafted at pick	kb
1664	drafted in	kb
1665	drafted into	kb
1666	drains into	kb
1667	dramatization of life in	kb
1668	dramatizes	kb
1669	dramatizes the fate of	kb
1670	draws	kb
1671	draws its members from	kb
1672	draws on	kb
1673	draws songs from	kb
1674	dreamed	kb
1675	drew heavily on	kb
1676	driven into	kb
1677	driven to	kb
1678	driver of	kb
1679	driving a	kb
1680	driving with	kb
1681	dropped out as director for	kb
1682	drummer of	kb
1683	dubbed	kb
1684	dubbed films into	kb
1685	dubbed in	kb
1686	duchess consort of	kb
1687	duchess in	kb
1688	duchess of	kb
1689	duchess of westminster	kb
1690	dug out	kb
1691	duke in	kb
1692	duke of	kb
1693	duke of swabia from	kb
1694	dukedome was recreated for	kb
1695	during	kb
1696	during the reign of	kb
1697	each contains	kb
1698	each issue in	kb
1699	earl of	kb
1700	earlier married to	kb
1701	earlier than	kb
1702	earned	kb
1703	earned a	kb
1704	earned a degree from	kb
1705	earned by	kb
1706	earned certification from	kb
1707	earned critical acclaim for	kb
1708	earned degree at	kb
1709	earned degree from	kb
1710	earned over	kb
1711	earned phd at	kb
1712	east of	kb
1713	edited	kb
1714	edited a local student magazine in	kb
1715	edited and directed by	kb
1716	edited and published by	kb
1717	edited by	kb
1718	edited down by	kb
1719	edited work of	kb
1720	editing by	kb
1721	editing handled by	kb
1722	editor	kb
1723	editor is	kb
1724	editor of	kb
1725	educated	kb
1726	educated at	kb
1727	educated in	kb
1728	efforts to start	kb
1729	eighth film adaptation of	kb
1730	eighth film in	kb
1731	elder brother of	kb
1732	eldest child of	kb
1733	eldest son of	kb
1734	eldest son took part in	kb
1735	elected a fellow of	kb
1736	elected as	kb
1737	elected as deputy mayor in	kb
1738	elected as director of	kb
1739	elected as fellow of	kb
1740	elected as part of	kb
1741	elected as president of	kb
1742	elected by	kb
1743	elected for	kb
1744	elected from	kb
1745	elected in	kb
1746	elected king of	kb
1747	elected member of parliament for	kb
1748	elected member of parliament in	kb
1749	elected mp for	kb
1750	elected on	kb
1751	elected to	kb
1752	elected to parliament in	kb
1753	elected to succeed	kb
1754	elected wong as fellow in	kb
1755	election campaign in	kb
1756	elector of	kb
1757	elevated	kb
1758	elevated himself to	kb
1759	elevated to	kb
1760	elevated to the mayor rank in	kb
1761	eliminated	kb
1762	embarked on	kb
1763	embarked on tour with	kb
1764	embrace	kb
1765	emerged in	kb
1766	emerged victorious in	kb
1767	emigrant ship sinks on its way to	kb
1768	emigrated from	kb
1769	emigrated in	kb
1770	emigrated to	kb
1771	emir of	kb
1772	emphasized	kb
1773	employed	kb
1774	employed by	kb
1775	employers in	kb
1776	empties into	kb
1777	enabled	kb
1778	enables	kb
1779	enacted at	kb
1780	enacted by	kb
1781	enacted on	kb
1782	encompasses	kb
1783	encountered by	kb
1784	encounters	kb
1785	encouraged	kb
1786	encouraged by	kb
1787	endeavoured to reach	kb
1788	ended	kb
1789	ended by	kb
1790	ended career in	kb
1791	ended in	kb
1792	enforced peace amongst	kb
1793	enforces compliance with	kb
1794	engaged in	kb
1795	engaged in battle with	kb
1796	engaged in collaborations with	kb
1797	engaged to	kb
1798	engaged with	kb
1799	english title	kb
1800	english translation of	kb
1801	enjoyed	kb
1802	enjoyed appearing at	kb
1803	enjoyed by audiences when released by	kb
1804	enjoyed success with	kb
1805	enjoyed support from	kb
1806	enjoyed the title	kb
1807	enlisted for	kb
1808	enlisted in	kb
1809	enlisted support from	kb
1810	enriched	kb
1811	enriched by	kb
1812	enrolled at	kb
1813	enrolled in	kb
1814	enrolled into	kb
1815	entailed	kb
1816	entered	kb
1817	entered a royal marriage with	kb
1818	entered film in	kb
1819	entered film into	kb
1820	entered in	kb
1821	entered into	kb
1822	entered monkhood in	kb
1823	entered politics in	kb
1824	entered the film industry in	kb
1825	entertained at	kb
1826	entitled in	kb
1827	entombed in	kb
1828	entombs	kb
1829	entrusted to	kb
1830	entry for	kb
1831	episode	kb
1832	episode of	kb
1833	eponymous ancestor of	kb
1834	equaled height with	kb
1835	equivalent	kb
1836	equivalent to	kb
1837	erroneously identified with	kb
1838	erroneously states in her memoirs that	kb
1839	escaped	kb
1840	escaped from	kb
1841	escaped in	kb
1842	escaped to	kb
1843	escapes with	kb
1844	escorting	kb
1845	established	kb
1846	established a base at	kb
1847	established as	kb
1848	established at	kb
1849	established branches at	kb
1850	established by	kb
1851	established himself as	kb
1852	established himself in	kb
1853	established in	kb
1854	established on	kb
1855	establishes right to the land through	kb
1856	estimated	kb
1857	estranged wife of	kb
1858	european touring car champion in	kb
1859	evacuated	kb
1860	evangelized	kb
1861	events retold in	kb
1862	events take place before	kb
1863	eventually released in	kb
1864	evolved	kb
1865	evolved through	kb
1866	evolved towards	kb
1867	examined	kb
1868	examined in	kb
1869	examined issues in	kb
1870	examines	kb
1871	excavated by	kb
1872	exchanged after	kb
1873	excluded from state affairs by	kb
1874	excommunicated	kb
1875	executed	kb
1876	executed by	kb
1877	executed for	kb
1878	executed on	kb
1879	executive produced by	kb
1880	executive producer	kb
1881	executive producer of	kb
1882	executive producer on	kb
1883	executive producers include	kb
1884	executive producers on album were	kb
1885	exerted influence in	kb
1886	exerted influence on	kb
1887	exhibited at	kb
1888	exhibited in	kb
1889	exhibited with	kb
1890	exhibits works of	kb
1891	exiled	kb
1892	exiled for	kb
1893	exiled in	kb
1894	exiled to	kb
1895	existed from	kb
1896	existed initially as	kb
1897	existed until	kb
1898	exists as	kb
1899	exists at	kb
1900	exists till	kb
1901	exited the billboard top 40 in	kb
1902	expanded	kb
1903	expanded by	kb
1904	expanded duchy to	kb
1905	expanded her talents into	kb
1906	expanded his rule into	kb
1907	expanded in	kb
1908	expanded into	kb
1909	expanded north into	kb
1910	expanded role in	kb
1911	expanded south toward	kb
1912	expanded to include	kb
1913	expelled	kb
1914	experienced	kb
1915	experienced rebellion between	kb
1916	experiences	kb
1917	experimented with	kb
1918	experimenting on	kb
1919	expert in	kb
1920	explains	kb
1921	explore	kb
1922	explored	kb
1923	explored the boundaries between	kb
1924	explored the life of	kb
1925	explored using	kb
1926	explores	kb
1927	explores lives of	kb
1928	explores representations of	kb
1929	explores themes of	kb
1930	expose	kb
1931	expressed disappointment with	kb
1932	expressed interest in	kb
1933	expresses love for	kb
1934	extended	kb
1935	extended from	kb
1936	extended power over	kb
1937	fabricated by	kb
1938	faced civil war with	kb
1939	faced off against	kb
1940	faced threats from	kb
1941	faces	kb
1942	factory located in	kb
1943	failed in attempt to persuade	kb
1944	failed in attempts to get	kb
1945	failed to exploit	kb
1946	failed to repay	kb
1947	fall into	kb
1948	falls in love with	kb
1949	falls into	kb
1950	famed as	kb
1951	famous for	kb
1952	famous for her role as	kb
1953	famous friend and lover of	kb
1954	famous in	kb
1955	famous movie role was in	kb
1956	fatally wounded	kb
1957	father	kb
1958	father died in	kb
1959	father in law of	kb
1960	father is	kb
1961	father of	kb
1962	father s name is	kb
1963	father s name was	kb
1964	father s second cousin of	kb
1965	father was	kb
1966	fathered	kb
1967	favorite song of	kb
1968	favoured	kb
1969	feared	kb
1970	feared by	kb
1971	feast day celebrated by	kb
1972	feast day celebrated in	kb
1973	feast day celebrated on	kb
1974	feast day in	kb
1975	feast day is	kb
1976	feast day is celebrated on	kb
1977	feast day on	kb
1978	featured	kb
1979	featured a	kb
1980	featured action scenes arranged by	kb
1981	featured at	kb
1982	featured ayumi hamasaki in	kb
1983	featured ayumi hamasaki with	kb
1984	featured in	kb
1985	featured in movie	kb
1986	featured in retrospective	kb
1987	featured on	kb
1988	featured prominently in	kb
1989	featured the film in	kb
1990	featured the song	kb
1991	features	kb
1992	features a score written by	kb
1993	features cameos by	kb
1994	features character	kb
1995	features dialogue by	kb
1996	features in	kb
1997	features interviews with	kb
1998	features language	kb
1999	features production from	kb
2000	features songs such as	kb
2001	features the song	kb
2002	features vocals from	kb
2003	featuring	kb
2004	featuring contributions from	kb
2005	feeds	kb
2006	feeds into	kb
2007	fell at	kb
2008	fell from grace in	kb
2009	fell in	kb
2010	fell sick in	kb
2011	fellow of	kb
2012	female equivalent of	kb
2013	female lead originally opted by	kb
2014	female lead played by	kb
2015	feuded violently with	kb
2016	feuded with	kb
2017	feuding with	kb
2018	fights with	kb
2019	filed	kb
2020	filled out in	kb
2021	filling in	kb
2022	film	kb
2023	film debut in	kb
2024	film released on	kb
2025	film worked on by	kb
2026	filmed	kb
2027	filmed around	kb
2028	filmed at	kb
2029	filmed by	kb
2030	filmed documentaries in	kb
2031	filmed his part in	kb
2032	filmed in	kb
2033	filmed in bengali in	kb
2034	filmed on location in	kb
2035	filmed primarily in	kb
2036	filmed with some	kb
2037	filming began in	kb
2038	filming began on	kb
2039	filming continuing in	kb
2040	filming lasted through	kb
2041	filming primarily at	kb
2042	filmmaker of	kb
2043	films	kb
2044	films from	kb
2045	films include	kb
2046	films to	kb
2047	finagles	kb
2048	final chapter released in	kb
2049	final film as	kb
2050	final film was	kb
2051	final release was	kb
2052	final television credits for	kb
2053	finalized	kb
2054	finalized by	kb
2055	financed	kb
2056	finds himself tumbling down	kb
2057	fined by	kb
2058	finished	kb
2059	finished amongst the top 6 at	kb
2060	finished as	kb
2061	finished by	kb
2062	finished eighth in	kb
2063	finished eleventh at	kb
2064	finished fifth at	kb
2065	finished in	kb
2066	finished second behind	kb
2067	finished tenth at	kb
2068	finished with	kb
2069	firm based in	kb
2070	first album release in	kb
2071	first appearance in	kb
2072	first appeared on a map in	kb
2073	first appears on record in	kb
2074	first bishop of	kb
2075	first book was	kb
2076	first co production between	kb
2077	first director of indian descent to have a film released by	kb
2078	first film adaptation of	kb
2079	first film directed by	kb
2080	first film in	kb
2081	first film of	kb
2082	first grand empress dowager in	kb
2083	first husband was	kb
2084	first in the series in	kb
2085	first indian film with	kb
2086	first international office set up in	kb
2087	first issue on sale in	kb
2088	first issued in	kb
2089	first kannada movie to show	kb
2090	first king of	kb
2091	first mexican female to join	kb
2092	first movie with	kb
2093	first of	kb
2094	first on screen acting role in	kb
2095	first onscreen appearance in	kb
2096	first part of	kb
2097	first performed in	kb
2098	first president of	kb
2099	first production was	kb
2100	first published in	kb
2101	first recorded in	kb
2102	first role as	kb
2103	first single	kb
2104	first story in	kb
2105	first studied in	kb
2106	first time as	kb
2107	first wife of	kb
2108	first wife was	kb
2109	fitted with	kb
2110	fl	kb
2111	fled	kb
2112	fled from	kb
2113	fled to	kb
2114	flew by	kb
2115	flew with	kb
2116	flopped at	kb
2117	flourished in	kb
2118	flows along	kb
2119	flows east of	kb
2120	flows into	kb
2121	flows through	kb
2122	flows to	kb
2123	focused its resources on producing	kb
2124	focused on	kb
2125	focused on concerns of people in	kb
2126	focused on conquering	kb
2127	focused on enacting social reforms as part of	kb
2128	focuses on	kb
2129	focusing on	kb
2130	follow up to	kb
2131	followed	kb
2132	followed a career in	kb
2133	followed by	kb
2134	followed in	kb
2135	followed in the footsteps of	kb
2136	followed up by	kb
2137	follower of	kb
2138	follows	kb
2139	follows characters from	kb
2140	follows in footsteps of	kb
2141	follows the fates of	kb
2142	follows the life of	kb
2143	follows the making of	kb
2144	follows the story of	kb
2145	fomented revolt in	kb
2146	for	kb
2147	for girls in grades	kb
2148	for residents of	kb
2149	for the screenplay of	kb
2150	for the song in	kb
2151	for the track	kb
2152	force	kb
2153	forced	kb
2154	forced into	kb
2155	forced into exile in	kb
2156	forced into marriage with	kb
2157	forced the british garrison in	kb
2158	forced to commit suicide by	kb
2159	forced to fulfill	kb
2160	forced to leave	kb
2161	forced to marry	kb
2162	forced to move to	kb
2163	forced to work in	kb
2164	forced to yield position to	kb
2165	forgave	kb
2166	forged a creative partnership with	kb
2167	formally ended	kb
2168	formally known as	kb
2169	formed	kb
2170	formed a trio with	kb
2171	formed an alliance with	kb
2172	formed by	kb
2173	formed casus belli with	kb
2174	formed duo with	kb
2175	formed from descendants of	kb
2176	formed in	kb
2177	formed on	kb
2178	formed the basis for	kb
2179	formed under	kb
2180	former	kb
2181	former bassist for	kb
2182	former chairman	kb
2183	former chief executive officer of	kb
2184	former chief minister of	kb
2185	former governor of	kb
2186	former king of	kb
2187	former leader of	kb
2188	former mayor of	kb
2189	former member of	kb
2190	former mla for	kb
2191	former mother in law of	kb
2192	former mp for	kb
2193	former of	kb
2194	former player of	kb
2195	former spouse of	kb
2196	formerly known as	kb
2197	formerly occupied by	kb
2198	formerly was	kb
2199	forms	kb
2200	forsook his papal ally for	kb
2201	fostered	kb
2202	fought	kb
2203	fought a battle against	kb
2204	fought against	kb
2205	fought alongside	kb
2206	fought at	kb
2207	fought during	kb
2208	fought for	kb
2209	fought for the king in	kb
2210	fought in	kb
2211	fought to gain the throne of	kb
2212	fought to stop the construction of	kb
2213	fought under	kb
2214	fought wars between	kb
2215	fought with	kb
2216	found	kb
2217	found an entry in	kb
2218	found asylum in	kb
2219	found bag containing	kb
2220	found dead under	kb
2221	found in	kb
2222	found on	kb
2223	found recognition playing opposite	kb
2224	found success in	kb
2225	found under	kb
2226	founded	kb
2227	founded and owned by	kb
2228	founded by	kb
2229	founded in	kb
2230	founded monasteries at	kb
2231	founded on	kb
2232	founded yrf studios with	kb
2233	founder editor of	kb
2234	founder of	kb
2235	founding benefactor of	kb
2236	founding father of	kb
2237	founding member of	kb
2238	fourth film scheduled for release on	kb
2239	fourth of	kb
2240	franchise includes	kb
2241	fred raymond	kb
2242	freed via	kb
2243	french woman is	kb
2244	frequently appears in lists of	kb
2245	frequently cast	kb
2246	frequently wrote film scores for	kb
2247	friend of	kb
2248	friendship and collaboration with	kb
2249	from	kb
2250	from a screenplay by	kb
2251	from a story by	kb
2252	from album	kb
2253	from album named	kb
2254	from his first wife	kb
2255	from relationship with	kb
2256	from screenplay by	kb
2257	from the	kb
2258	from the family of	kb
2259	fuelled by	kb
2260	fulfilled	kb
2261	fulfilled the role of president of	kb
2262	fulfilled the role of president of the senate from	kb
2263	full german name is	kb
2264	full italian name	kb
2265	full name	kb
2266	full name is	kb
2267	full name of	kb
2268	funded	kb
2269	funded by	kb
2270	funded primarily by	kb
2271	funeral held at	kb
2272	funeral took place at	kb
2273	fuses	kb
2274	future emperor of	kb
2275	future king of	kb
2276	gained	kb
2277	gained commercial success in	kb
2278	gained control of	kb
2279	gained direct control by	kb
2280	gained fame due to success of	kb
2281	gained fame in the band of	kb
2282	gained independence in	kb
2283	gained its only ever seat in	kb
2284	gained livery of estates in	kb
2285	gained national critical acclaim after being published in	kb
2286	gained nickname from	kb
2287	gained notoriety for his actions during	kb
2288	gained patronage for	kb
2289	gained popularity in	kb
2290	gained popularity since	kb
2291	gained rank of	kb
2292	gained recognition for	kb
2293	gained recognition for directing	kb
2294	gained recognition for role in	kb
2295	gained status	kb
2296	gained the support of	kb
2297	gained title	kb
2298	garnered	kb
2299	garnered a gold certification from	kb
2300	garnered attention in	kb
2301	gathered support of	kb
2302	gave	kb
2303	gave away	kb
2304	gave birth to	kb
2305	gave concert	kb
2306	gave concert with	kb
2307	gave eldredge	kb
2308	gave income from	kb
2309	gave negative reviews to	kb
2310	gave opportunity to	kb
2311	gave ottomans a bridgehead into	kb
2312	gave rise to	kb
2313	gave songs sung by	kb
2314	gave the north of sardinia to	kb
2315	gave the south of sardinia to	kb
2316	gave to	kb
2317	gave up	kb
2318	gave up career as	kb
2319	genre	kb
2320	gets its name from	kb
2321	girlfriend of	kb
2322	given	kb
2323	given by	kb
2324	given the byname	kb
2325	given the laqab of	kb
2326	given the title of	kb
2327	given title by	kb
2328	gives lead roles to	kb
2329	gives life to	kb
2330	gives voice to	kb
2331	glorified	kb
2332	goal	kb
2333	godfather was	kb
2334	godmothers at baptismal fount were	kb
2335	godparents were	kb
2336	goes undercover in	kb
2337	going to make peace with	kb
2338	got	kb
2339	got award for	kb
2340	got involved in	kb
2341	got the role of	kb
2342	governed	kb
2343	governed by	kb
2344	governed from	kb
2345	governed saxe coburg eisenach with	kb
2346	governess of	kb
2347	governing	kb
2348	governor from	kb
2349	governor of	kb
2350	governor until	kb
2351	graduate of	kb
2352	graduated after completing	kb
2353	graduated from	kb
2354	graduated in	kb
2355	graduated with	kb
2356	graduated with a degree in	kb
2357	grand architect of	kb
2358	grand nephew of	kb
2359	granddaughter of	kb
2360	grandfather of	kb
2361	grandfather was	kb
2362	grandmother of	kb
2363	grandparent of	kb
2364	grandson in law of	kb
2365	grandson of	kb
2366	granted	kb
2367	granted fladbury to	kb
2368	granted for life to	kb
2369	granted indulgences to	kb
2370	granted permission to	kb
2371	granted the title of	kb
2372	granted to	kb
2373	great granddaughter of	kb
2374	great grandfather is	kb
2375	great grandfather of	kb
2376	great grandfather to	kb
2377	great grandfather was	kb
2378	great grandmother of	kb
2379	great grandson of	kb
2380	great great granddaughter of	kb
2381	great great grandfather was	kb
2382	great great grandmother of	kb
2383	great uncle of	kb
2384	green bans against	kb
2385	greenlit	kb
2386	grew up in	kb
2387	grew up near	kb
2388	grossed	kb
2389	grossed over	kb
2390	grossed worldwide	kb
2391	grossing	kb
2392	grossing over	kb
2393	grouped among	kb
2394	grouped with	kb
2395	guardian of	kb
2396	guest rapping in	kb
2397	guest starred on	kb
2398	guided by	kb
2399	guiding patron of	kb
2400	had	kb
2401	had a bit part role in	kb
2402	had a brother named	kb
2403	had a budget of	kb
2404	had a career at	kb
2405	had a career spanning over	kb
2406	had a career with	kb
2407	had a cenotaph with	kb
2408	had a child named	kb
2409	had a claim to the judgeship of	kb
2410	had a close personal relationship with	kb
2411	had a column in	kb
2412	had a comeback hit in	kb
2413	had a court battle with	kb
2414	had a daughter named	kb
2415	had a four episode on	kb
2416	had a half brother named	kb
2417	had a limited release in	kb
2418	had a mistress named	kb
2419	had a one off reunion show in	kb
2420	had a personal seal with	kb
2421	had a pipeline to	kb
2422	had a population of	kb
2423	had a relationship with	kb
2424	had a reputation as a composer equalled by	kb
2425	had a role as	kb
2426	had a role in	kb
2427	had a seat in	kb
2428	had a sister named	kb
2429	had a son named	kb
2430	had a spur leading to	kb
2431	had a stage career in	kb
2432	had a station on	kb
2433	had a studio at	kb
2434	had a wife	kb
2435	had a worldwide release on	kb
2436	had acting debut in	kb
2437	had advanced views on	kb
2438	had affair with	kb
2439	had aim of	kb
2440	had ambitions to produce	kb
2441	had an abusive marriage with	kb
2442	had an affair with	kb
2443	had an interest in	kb
2444	had appointments at	kb
2445	had army defeated by	kb
2446	had as a guest on	kb
2447	had been produced in	kb
2448	had big impact on	kb
2449	had brief cameos in	kb
2450	had brother named	kb
2451	had brothers named	kb
2452	had budget of	kb
2453	had career as soloist in	kb
2454	had career at	kb
2455	had career between	kb
2456	had career during	kb
2457	had career in	kb
2458	had children	kb
2459	had children in	kb
2460	had children including	kb
2461	had children named	kb
2462	had children with	kb
2463	had close relationships with	kb
2464	had close ties with	kb
2465	had college days at	kb
2466	had conflict with	kb
2467	had daughter named	kb
2468	had daughters named	kb
2469	had daughters who were consorts of	kb
2470	had descent from	kb
2471	had directing credits in	kb
2472	had directing credits until	kb
2473	had disagreements with	kb
2474	had disciple named	kb
2475	had eldest brother named	kb
2476	had estates at	kb
2477	had estates in	kb
2478	had families	kb
2479	had final film appearance in	kb
2480	had first film adaptation in	kb
2481	had first public performance at	kb
2482	had first starring role in	kb
2483	had first wife named	kb
2484	had followers claiming	kb
2485	had followers seeing his ministry as a sign of	kb
2486	had graduated	kb
2487	had hits including	kb
2488	had illegitimate son	kb
2489	had influence on	kb
2490	had its debut at	kb
2491	had its international premiere at	kb
2492	had its origins in	kb
2493	had its premiere at	kb
2494	had its world premiere at	kb
2495	had its world premiere on	kb
2496	had land holdings in	kb
2497	had leading role in	kb
2498	had marriage with	kb
2499	had monarch from	kb
2500	had music by	kb
2501	had musical score by	kb
2502	had national success in	kb
2503	had no children with	kb
2504	had obligation to release	kb
2505	had offices in	kb
2506	had population of	kb
2507	had premiere at	kb
2508	had real power with	kb
2509	had relations with	kb
2510	had reputation for	kb
2511	had role in	kb
2512	had roles in	kb
2513	had runway s elevation at	kb
2514	had schooling at	kb
2515	had second film adaptation in	kb
2516	had siblings named	kb
2517	had sisters named	kb
2518	had son named	kb
2519	had sons including	kb
2520	had sons named	kb
2521	had success in	kb
2522	had the original name	kb
2523	had the persian name	kb
2524	had the title	kb
2525	had title	kb
2526	had title restored to	kb
2527	had titles in	kb
2528	had uk no  1 single in	kb
2529	had unused tune	kb
2530	had vassal kingdoms including	kb
2531	had wife named	kb
2532	hails from	kb
2533	half brother of	kb
2534	half german	kb
2535	half sister of	kb
2536	halfbrother of	kb
2537	halted	kb
2538	handed over territories to	kb
2539	handed over the presidency to	kb
2540	handled by	kb
2541	handled cinematography for	kb
2542	hanged at	kb
2543	hanged by	kb
2544	hanged himself to death at	kb
2545	hanged on	kb
2546	happened during	kb
2547	happened during the reign of	kb
2548	happened in	kb
2549	happened when	kb
2550	harbored	kb
2551	harnessing by	kb
2552	has	kb
2553	has a	kb
2554	has a budget of	kb
2555	has a character named after	kb
2556	has a crush on	kb
2557	has a daughter named	kb
2558	has a film institute in	kb
2559	has a new video made by	kb
2560	has a park named after him near	kb
2561	has a predilection for	kb
2562	has a relationship with	kb
2563	has a road named after him in	kb
2564	has a role in	kb
2565	has a score by	kb
2566	has a screenplay by	kb
2567	has a sister named	kb
2568	has a son named	kb
2569	has a star on	kb
2570	has actors	kb
2571	has aired	kb
2572	has airport on	kb
2573	has album	kb
2574	has alternative name	kb
2575	has ambassador	kb
2576	has an entry associating	kb
2577	has ancestry from	kb
2578	has another film based on the same novel in	kb
2579	has appeared in	kb
2580	has art director	kb
2581	has art directors named	kb
2582	has artist	kb
2583	has association with	kb
2584	has attendance of	kb
2585	has b side	kb
2586	has been	kb
2587	has been a member since	kb
2588	has been a sackville house since	kb
2589	has been called	kb
2590	has been director of	kb
2591	has been nominated for	kb
2592	has been performing as	kb
2593	has been subject of	kb
2594	has been the director of	kb
2595	has been translated into	kb
2596	has been vice president of	kb
2597	has birth and death years	kb
2598	has birth date	kb
2599	has boyfriend named	kb
2600	has brain implanted in	kb
2601	has brother named	kb
2602	has brothers named	kb
2603	has business segments including	kb
2604	has businesses including	kb
2605	has character	kb
2606	has character named	kb
2607	has child with	kb
2608	has children	kb
2609	has children including	kb
2610	has children named	kb
2611	has children with	kb
2612	has cinematography performed by	kb
2613	has co written songs with	kb
2614	has collaborated with	kb
2615	has competitors including	kb
2616	has conflicting release dates of	kb
2617	has contributed to	kb
2618	has copy of	kb
2619	has corporate headquarters in	kb
2620	has country code	kb
2621	has courtesy name	kb
2622	has danish remake	kb
2623	has daughter named	kb
2624	has daughters named	kb
2625	has death date	kb
2626	has dialogue and screenplay by	kb
2627	has dialogue in	kb
2628	has directed	kb
2629	has directed over	kb
2630	has distribution rights by	kb
2631	has duration	kb
2632	has english title	kb
2633	has english version on album	kb
2634	has episodes directed by	kb
2635	has families	kb
2636	has father named	kb
2637	has feast day on	kb
2638	has feeder middle schools including	kb
2639	has film adaptation	kb
2640	has flag	kb
2641	has gained	kb
2642	has gained views on	kb
2643	has heritage number	kb
2644	has hungarian title	kb
2645	has interest in	kb
2646	has international call prefix	kb
2647	has its origin in	kb
2648	has language	kb
2649	has lead role	kb
2650	has lead single	kb
2651	has lodger	kb
2652	has lyricist	kb
2653	has lyrics by	kb
2654	has member	kb
2655	has members	kb
2656	has members in	kb
2657	has middle name	kb
2658	has motto	kb
2659	has music and lyrics written by	kb
2660	has music by	kb
2661	has music composed by	kb
2662	has music video featuring	kb
2663	has music written by	kb
2664	has musical score by	kb
2665	has name	kb
2666	has name in	kb
2667	has nationality	kb
2668	has no connection with	kb
2669	has no designation from	kb
2670	has no relation to	kb
2671	has not assumed the title	kb
2672	has notable pupils including	kb
2673	has offices in	kb
2674	has old channels dating back	kb
2675	has operations in	kb
2676	has original title	kb
2677	has paintings in print by	kb
2678	has participants	kb
2679	has personal studio called	kb
2680	has player	kb
2681	has politics within	kb
2682	has population of	kb
2683	has prints by	kb
2684	has profession	kb
2685	has pseudonym	kb
2686	has published	kb
2687	has reference number	kb
2688	has reign span from	kb
2689	has reign span through	kb
2690	has released on	kb
2691	has remixes released on	kb
2692	has roots in	kb
2693	has runner up	kb
2694	has sales and manufacturing operations in	kb
2695	has scenes shot in	kb
2696	has screenplay by	kb
2697	has script by	kb
2698	has section	kb
2699	has sequel called	kb
2700	has sequel made in	kb
2701	has sequel named	kb
2702	has sequels named	kb
2703	has sets designed by	kb
2704	has shifted its bed to	kb
2705	has similarities to	kb
2706	has sister named	kb
2707	has sold	kb
2708	has song	kb
2709	has song sung by	kb
2710	has songs by	kb
2711	has sons including	kb
2712	has soundtrack	kb
2713	has soundtrack by	kb
2714	has source near	kb
2715	has stage name	kb
2716	has stage version	kb
2717	has stars	kb
2718	has station code	kb
2719	has story by	kb
2720	has story elements including	kb
2721	has summit with scenery of	kb
2722	has supporting cast including	kb
2723	has the makings of	kb
2724	has the same name as	kb
2725	has theme similar to	kb
2726	has title	kb
2727	has title in	kb
2728	has twin brother named	kb
2729	has upcoming studio album named	kb
2730	has variant	kb
2731	has variation in	kb
2732	has version	kb
2733	has winner	kb
2734	has wins and nominations at	kb
2735	has won	kb
2736	has written	kb
2737	has written lyrics for	kb
2738	has written screenplays for	kb
2739	has written songs for	kb
2740	have	kb
2741	have managed to adapt	kb
2742	head coach for	kb
2743	head of	kb
2744	headed	kb
2745	headed by	kb
2746	headed committee that examined issues in	kb
2747	headquartered at	kb
2748	headquartered in	kb
2749	headquarters in	kb
2750	heads	kb
2751	health gave out under	kb
2752	hears	kb
2753	heart buried in	kb
2754	heir apparent	kb
2755	heir from	kb
2756	heir of	kb
2757	heir presumptive to	kb
2758	heir to	kb
2759	heir to the throne of	kb
2760	heiress of	kb
2761	heiress to	kb
2762	held	kb
2763	held a rival court with	kb
2764	held a seat in	kb
2765	held a synod at	kb
2766	held an academic conference at	kb
2767	held appointments during the reign of	kb
2768	held appointments in	kb
2769	held apulia with the assistance of	kb
2770	held at	kb
2771	held by	kb
2772	held commands in	kb
2773	held concert in	kb
2774	held cremation of	kb
2775	held high posts in	kb
2776	held in	kb
2777	held incumbencies at	kb
2778	held livings in	kb
2779	held meetings at	kb
2780	held office between	kb
2781	held office from	kb
2782	held office until	kb
2783	held on	kb
2784	held position as	kb
2785	held position at	kb
2786	held position from	kb
2787	held position until	kb
2788	held post at	kb
2789	held post of	kb
2790	held post until	kb
2791	held posts in	kb
2792	held rank of	kb
2793	held that	kb
2794	held the national record in	kb
2795	held the office of	kb
2796	held the offices of	kb
2797	held the position from	kb
2798	held the position of	kb
2799	held the position until	kb
2800	held the positions of	kb
2801	held the post of	kb
2802	held the rank of	kb
2803	held the record for longest continuous run of a bengali language movie in	kb
2804	held the throne of	kb
2805	held the title of	kb
2806	held title of	kb
2807	helped	kb
2808	helped create and enforce	kb
2809	helped design	kb
2810	helped evolution of	kb
2811	helped found	kb
2812	helped other authors to get published through	kb
2813	helped popularize	kb
2814	helped produce	kb
2815	helped rescue	kb
2816	helped to cement	kb
2817	helped to develop	kb
2818	helped to finance	kb
2819	helped to launch the career of	kb
2820	helped write	kb
2821	helps	kb
2822	hereditary banneret of	kb
2823	hesitant to admit	kb
2824	hidden	kb
2825	hidden in	kb
2826	hiding	kb
2827	high king of	kb
2828	high score was	kb
2829	high sheriff of	kb
2830	highest charting was	kb
2831	highlighted	kb
2832	hired	kb
2833	hired by	kb
2834	hired for	kb
2835	hired in	kb
2836	hired to direct	kb
2837	hired to find	kb
2838	hispanicized spelling is	kb
2839	historically a	kb
2840	hit number one on	kb
2841	hit on chart	kb
2842	hit singles included	kb
2843	holder of	kb
2844	holding	kb
2845	holds	kb
2846	holds a ba in	kb
2847	holds a major in	kb
2848	holds a minor in	kb
2849	holds a portrait of	kb
2850	holds an mfa in	kb
2851	holds collection of	kb
2852	holds position of	kb
2853	holds the title of	kb
2854	holds title of	kb
2855	hometown of	kb
2856	honorary consul of	kb
2857	honored	kb
2858	honored as	kb
2859	honored at	kb
2860	honored by	kb
2861	honored into	kb
2862	honored with	kb
2863	honors	kb
2864	honoured by	kb
2865	honoured in	kb
2866	honoured on	kb
2867	honoured with	kb
2868	hoped for	kb
2869	hopes to marry	kb
2870	horse voted	kb
2871	host	kb
2872	host of	kb
2873	host of the effort from	kb
2874	hosted	kb
2875	hosted a music show on	kb
2876	hosted by	kb
2877	hosted morning radio on	kb
2878	hosted movies like	kb
2879	hosted reality show	kb
2880	hosted the effort from	kb
2881	hostile to	kb
2882	hosting a party in	kb
2883	hosts	kb
2884	house designed by	kb
2885	house extended to include	kb
2886	housed in	kb
2887	houses	kb
2888	hunt	kb
2889	hunted down	kb
2890	husband	kb
2891	husband and co ruler	kb
2892	husband of	kb
2893	husband was	kb
2894	identified	kb
2895	identified by	kb
2896	illegitimate daughter of	kb
2897	illegitimate son of	kb
2898	illustrate	kb
2899	illustrated	kb
2900	illustrated by	kb
2901	illustrates	kb
2902	imagined	kb
2903	imitated	kb
2904	immigrant from	kb
2905	immigrated to	kb
2906	immortalised	kb
2907	impacted	kb
2908	impeached by	kb
2909	impeached with	kb
2910	implemented	kb
2911	important advisor of	kb
2912	imposed	kb
2913	imposed authority in	kb
2914	impresario of	kb
2915	imprisoned	kb
2916	imprisoned after buying	kb
2917	imprisoned for involvement in	kb
2918	imprisoned in	kb
2919	in	kb
2920	in a supporting role in	kb
2921	in alliance with	kb
2922	in association with	kb
2923	in charge of	kb
2924	in collaboration with	kb
2925	in command of	kb
2926	in conjunction with	kb
2927	in dutch is	kb
2928	in favor of	kb
2929	in language	kb
2930	in lead roles	kb
2931	in line of succession to the throne of	kb
2932	in order to increase public support for	kb
2933	in relationship with	kb
2934	in the category of	kb
2935	in the courts of	kb
2936	in the reign of	kb
2937	in the service of	kb
2938	in the style of	kb
2939	include	kb
2940	included	kb
2941	included actions in	kb
2942	included in	kb
2943	included in album	kb
2944	included in exhibitions of	kb
2945	included into	kb
2946	included lyrics on album	kb
2947	included on	kb
2948	included song in	kb
2949	included territory of	kb
2950	includes	kb
2951	includes appearances from	kb
2952	includes cast members	kb
2953	includes dialog in	kb
2954	includes footage from	kb
2955	includes interviews with	kb
2956	includes land on	kb
2957	includes parody of	kb
2958	includes song	kb
2959	includes stock footage from	kb
2960	including	kb
2961	incorporated	kb
2962	incorporated in	kb
2963	incorporated lead character from	kb
2964	incorporated music from	kb
2965	incorporates elements of	kb
2966	incorporates the music of	kb
2967	increased	kb
2968	increased power of	kb
2969	increased profile with release of	kb
2970	increased the level and prevalence of	kb
2971	indexed into	kb
2972	indicated	kb
2973	indicates	kb
2974	indifferent to	kb
2975	inducted	kb
2976	inducted in	kb
2977	inducted into	kb
2978	inducted on	kb
2979	inducted to	kb
2980	infamous massacre in	kb
2981	inferred to have lived longer in	kb
2982	infiltrate	kb
2983	influenced	kb
2984	influenced by	kb
2985	influenced the development of	kb
2986	influences	kb
2987	influential figure in	kb
2988	influential in	kb
2989	informally called	kb
2990	informed	kb
2991	informed that	kb
2992	inhabited by	kb
2993	inherited	kb
2994	inherited by	kb
2995	inherited from	kb
2996	inherited in	kb
2997	inherited rule in	kb
2998	inherited the earldom from	kb
2999	inherited the position as head of	kb
3000	inherited the title of	kb
3001	inherited title from	kb
3002	inherited title in	kb
3003	inherited titles in	kb
3004	inherited titles of	kb
3005	inherits	kb
3006	initially began as	kb
3007	initially buried in	kb
3008	initially directed by	kb
3009	initially released in	kb
3010	initially storyboarded by	kb
3011	initially worked in	kb
3012	initiate into	kb
3013	initiated	kb
3014	initiated hostility in	kb
3015	initiated in	kb
3016	injuries sustained in	kb
3017	injury occurred prior to his death	kb
3018	innovated syncretic style in	kb
3019	inserted in	kb
3020	insists on	kb
3021	inspiration of	kb
3022	inspired	kb
3023	inspired by	kb
3024	inspired by the same story as	kb
3025	inspired from	kb
3026	inspired to retire from acting by	kb
3027	installed	kb
3028	installed after the death of	kb
3029	installed as	kb
3030	instigated	kb
3031	instigated a policy of	kb
3032	instituted programs for	kb
3033	instructor in	kb
3034	instructor was	kb
3035	instrumental in developing	kb
3036	instrumentation by	kb
3037	integrated functions of	kb
3038	integrated into	kb
3039	intended	kb
3040	intended as heir of	kb
3041	intended for	kb
3042	intended for film by	kb
3043	intended to claim the throne in	kb
3044	intended to complete the story arcs for	kb
3045	intended to simulate	kb
3046	intended to take	kb
3047	interacts with	kb
3048	interchanged with	kb
3049	interested in	kb
3050	interests include	kb
3051	interlocks passion for music with	kb
3052	internationally released as	kb
3053	interned in	kb
3054	interprets a story from	kb
3055	interred at	kb
3056	interred in	kb
3057	interrogates	kb
3058	interrupted reign of	kb
3059	intersected by	kb
3060	intervened in	kb
3061	interviewed	kb
3062	interviewed by	kb
3063	intimidated	kb
3064	introduced	kb
3065	introduced as	kb
3066	introduced in	kb
3067	introduced reforms to dismantle	kb
3068	introduced to literature by	kb
3069	introduced unofficially in	kb
3070	introduces audiences to	kb
3071	invaded	kb
3072	invaded by	kb
3073	invaded territories of	kb
3074	invent	kb
3075	invented	kb
3076	invested	kb
3077	invested  100 000 for	kb
3078	invested as	kb
3079	invested in	kb
3080	invested three papal legates with the organization of the church in	kb
3081	investigate	kb
3082	investigated	kb
3083	investigated followers of	kb
3084	investigates	kb
3085	investigates with	kb
3086	invited	kb
3087	invited to become	kb
3088	invited to become a member of	kb
3089	invites	kb
3090	involve	kb
3091	involved	kb
3092	involved in	kb
3093	involved in business activities in	kb
3094	involved in business as	kb
3095	involved in collision in	kb
3096	involved in conflict with	kb
3097	involved in establishment of	kb
3098	involved in writing process in	kb
3099	involved with	kb
3100	involves	kb
3101	irrigated villages in	kb
3102	is	kb
3103	is a	kb
3104	is a bonus expansion to	kb
3105	is a book by	kb
3106	is a branch of	kb
3107	is a cadet branch of	kb
3108	is a cartoon directed by	kb
3109	is a case in	kb
3110	is a category in	kb
3111	is a character in	kb
3112	is a chart on	kb
3113	is a child of	kb
3114	is a citizen of	kb
3115	is a co founder of	kb
3116	is a co production among	kb
3117	is a commune in	kb
3118	is a corresponding member of	kb
3119	is a daughter of	kb
3120	is a development initiative of	kb
3121	is a director of	kb
3122	is a discipline of	kb
3123	is a district of	kb
3124	is a division of	kb
3125	is a documentary by	kb
3126	is a documentary directed by	kb
3127	is a documentary movie of	kb
3128	is a dynasty in	kb
3129	is a euphemism for	kb
3130	is a fan favorite in	kb
3131	is a fan of	kb
3132	is a film about	kb
3133	is a film based on	kb
3134	is a film based upon	kb
3135	is a film by	kb
3136	is a film called	kb
3137	is a film co written with	kb
3138	is a film directed by	kb
3139	is a film from	kb
3140	is a film in	kb
3141	is a film in which	kb
3142	is a film of	kb
3143	is a film produced by	kb
3144	is a film released as	kb
3145	is a film released by	kb
3146	is a film released in	kb
3147	is a film released on	kb
3148	is a film starring	kb
3149	is a film written by	kb
3150	is a form of	kb
3151	is a former lagoon of	kb
3152	is a former professional tennis player from	kb
3153	is a former rapper of	kb
3154	is a founding member of	kb
3155	is a genus in	kb
3156	is a genus of	kb
3157	is a governor for	kb
3158	is a graduate of	kb
3159	is a great grandson of	kb
3160	is a group of	kb
3161	is a half sister to	kb
3162	is a hit song by	kb
3163	is a journalist with	kb
3164	is a k a	kb
3165	is a liaison with	kb
3166	is a locality in	kb
3167	is a mashup of	kb
3168	is a member of	kb
3169	is a memoir of	kb
3170	is a mine in	kb
3171	is a mountain in	kb
3172	is a movie directed by	kb
3173	is a musician in	kb
3174	is a narration of	kb
3175	is a natural son of	kb
3176	is a novel by	kb
3177	is a part of	kb
3178	is a plant of the genus	kb
3179	is a play by	kb
3180	is a prince of	kb
3181	is a prince royal of	kb
3182	is a princess of	kb
3183	is a professor at	kb
3184	is a professor of	kb
3185	is a professor of physics emeritus at	kb
3186	is a pseudonym of	kb
3187	is a re recording of	kb
3188	is a recording of	kb
3189	is a reference to	kb
3190	is a relative of	kb
3191	is a remake of	kb
3192	is a riding in	kb
3193	is a river in	kb
3194	is a river of	kb
3195	is a rural locality in	kb
3196	is a satire of	kb
3197	is a scholar of	kb
3198	is a second cousin of	kb
3199	is a sequel of	kb
3200	is a sequel to	kb
3201	is a series by	kb
3202	is a series featuring	kb
3203	is a series of	kb
3204	is a series on	kb
3205	is a shade of	kb
3206	is a short form of	kb
3207	is a singer of	kb
3208	is a single by	kb
3209	is a single from	kb
3210	is a son of	kb
3211	is a song by	kb
3212	is a song from	kb
3213	is a song in	kb
3214	is a song of	kb
3215	is a song on	kb
3216	is a song recorded by	kb
3217	is a song written by	kb
3218	is a species of	kb
3219	is a spoof of	kb
3220	is a stream in	kb
3221	is a studio album by	kb
3222	is a study of	kb
3223	is a sub group of	kb
3224	is a subdivision of	kb
3225	is a subgenre of	kb
3226	is a teacher of	kb
3227	is a team in	kb
3228	is a team of	kb
3229	is a technique for	kb
3230	is a theme in	kb
3231	is a track on	kb
3232	is a tributary of	kb
3233	is a trustee of	kb
3234	is a tv series called	kb
3235	is a type of	kb
3236	is a version of	kb
3237	is a village in	kb
3238	is a village located in	kb
3239	is a village near	kb
3240	is abbreviated as	kb
3241	is about	kb
3242	is accompaniment to	kb
3243	is acquired by	kb
3244	is active in	kb
3245	is adaptation of	kb
3246	is adapted by	kb
3247	is adapted from	kb
3248	is affiliated to	kb
3249	is agency of	kb
3250	is aided in investigation by	kb
3251	is aimed at	kb
3252	is also	kb
3253	is also called	kb
3254	is also known as	kb
3255	is also referred to as	kb
3256	is alternatively known as	kb
3257	is alumnus of	kb
3258	is an	kb
3259	is an adaptation of	kb
3260	is an answer song to	kb
3261	is an imitator of	kb
3262	is an imprint of	kb
3263	is an island in	kb
3264	is ancestor of	kb
3265	is another name for	kb
3266	is appointed as	kb
3267	is approximately	kb
3268	is archduke of	kb
3269	is associated with	kb
3270	is at	kb
3271	is at the end of	kb
3272	is author in	kb
3273	is author of	kb
3274	is available for	kb
3275	is awarded to	kb
3276	is band of	kb
3277	is based in	kb
3278	is based on	kb
3279	is based on events of	kb
3280	is based on novel by	kb
3281	is based on the life of	kb
3282	is being distributed by	kb
3283	is being distributed in	kb
3284	is believed to be	kb
3285	is best known for	kb
3286	is best known for the songs	kb
3287	is best remembered for	kb
3288	is between	kb
3289	is bishop of	kb
3290	is bordered by	kb
3291	is born in	kb
3292	is born on	kb
3293	is brother of	kb
3294	is brother to	kb
3295	is buried at	kb
3296	is buried in	kb
3297	is by	kb
3298	is by artist	kb
3299	is called	kb
3300	is canon to	kb
3301	is captured with	kb
3302	is chairman of	kb
3303	is characterized by	kb
3304	is close to	kb
3305	is closely associated with	kb
3306	is closely connected to	kb
3307	is closely linked to	kb
3308	is co owner of	kb
3309	is considered	kb
3310	is considered as	kb
3311	is considered as turning point of the career of	kb
3312	is considered the founder of	kb
3313	is considered to be	kb
3314	is considered to be the progenitor of	kb
3315	is consort of	kb
3316	is convinced by	kb
3317	is count of	kb
3318	is countess of	kb
3319	is countess von	kb
3320	is cousin of	kb
3321	is credited as	kb
3322	is crime novel released in	kb
3323	is currently	kb
3324	is currently fourth in line to the throne of	kb
3325	is currently the executive producer of	kb
3326	is daughter of	kb
3327	is decorated with	kb
3328	is depicted in	kb
3329	is deputy editor at	kb
3330	is derived from	kb
3331	is descendant from	kb
3332	is described as	kb
3333	is different from	kb
3334	is directed by	kb
3335	is directing	kb
3336	is director of	kb
3337	is director of orchestras at	kb
3338	is distributed by	kb
3339	is divided into	kb
3340	is duchess of	kb
3341	is duke of	kb
3342	is elder brother of	kb
3343	is elder sister of	kb
3344	is emblematic of the weakness of	kb
3345	is empress of	kb
3346	is entitled	kb
3347	is episode of	kb
3348	is executed by	kb
3349	is exhibited in	kb
3350	is extant at	kb
3351	is father of	kb
3352	is first husband of	kb
3353	is first installment in	kb
3354	is fluent in	kb
3355	is followed by	kb
3356	is for	kb
3357	is founder of	kb
3358	is founding member of	kb
3359	is from	kb
3360	is from album	kb
3361	is from the album	kb
3362	is full sister of	kb
3363	is governor in	kb
3364	is governor of	kb
3365	is grand master of	kb
3366	is grandchild of	kb
3367	is granddaughter of	kb
3368	is grandfather of	kb
3369	is grandmother of	kb
3370	is grandson of	kb
3371	is great granddaughter of	kb
3372	is great grandson of	kb
3373	is great great great grandmother of	kb
3374	is half brother of	kb
3375	is head of	kb
3376	is heiress of	kb
3377	is historical source for	kb
3378	is host of	kb
3379	is housed at	kb
3380	is husband of	kb
3381	is illegitimate son of	kb
3382	is in	kb
3383	is in honor of	kb
3384	is in latin	kb
3385	is in love with	kb
3386	is in series of	kb
3387	is in the film	kb
3388	is in the line of succession to	kb
3389	is in the line of succession to the throne of	kb
3390	is in the supporting cast of	kb
3391	is installment of	kb
3392	is involved in relationship with	kb
3393	is issued on	kb
3394	is journalist at	kb
3395	is killed by	kb
3396	is king of	kb
3397	is known as	kb
3398	is known as the author of	kb
3399	is known for	kb
3400	is known for directing	kb
3401	is known for role in	kb
3402	is known from	kb
3403	is known in	kb
3404	is known internationally as	kb
3405	is known locally as	kb
3406	is known professionally as	kb
3407	is known to have been in	kb
3408	is likely the inspiration for	kb
3409	is listed on	kb
3410	is located a mile to the south of	kb
3411	is located at	kb
3412	is located east of	kb
3413	is located in	kb
3414	is located near	kb
3415	is located north of	kb
3416	is located on	kb
3417	is located outside	kb
3418	is located southeast of	kb
3419	is located to the west of	kb
3420	is located west of	kb
3421	is lord of	kb
3422	is lured back into service by	kb
3423	is maker of	kb
3424	is managed by	kb
3425	is margrave of	kb
3426	is married to	kb
3427	is marshal of	kb
3428	is member of	kb
3429	is mentioned in	kb
3430	is missing since	kb
3431	is misspelled as	kb
3432	is most famous for directing	kb
3433	is mother of	kb
3434	is musical director of	kb
3435	is named	kb
3436	is named after	kb
3437	is named for	kb
3438	is named in	kb
3439	is native of	kb
3440	is near	kb
3441	is neighbor of	kb
3442	is nephew of	kb
3443	is nicknamed	kb
3444	is niece of	kb
3445	is north of	kb
3446	is northeast of	kb
3447	is northwest of	kb
3448	is not named after	kb
3449	is novel by	kb
3450	is now conductor emeritus of	kb
3451	is of	kb
3452	is of descent	kb
3453	is of nationality	kb
3454	is often called	kb
3455	is older brother of	kb
3456	is older than	kb
3457	is on	kb
3458	is on album	kb
3459	is on loan from	kb
3460	is on the border of	kb
3461	is one entry in	kb
3462	is one of	kb
3463	is one of the most important educational institutions in	kb
3464	is organized into	kb
3465	is originally titled	kb
3466	is owned by	kb
3467	is owner and designer of	kb
3468	is parent of	kb
3469	is part of	kb
3470	is part of adaption of	kb
3471	is part of cast in	kb
3472	is part of series	kb
3473	is part of series called	kb
3474	is part of the name of	kb
3475	is part of the series	kb
3476	is part of trilogy with	kb
3477	is patriarch of	kb
3478	is patron of	kb
3479	is persian for	kb
3480	is portrayed by	kb
3481	is presented in a more favorable way by	kb
3482	is president of	kb
3483	is prince of	kb
3484	is produced by	kb
3485	is professionally known as	kb
3486	is proposed as the title for	kb
3487	is protagonist in	kb
3488	is pseudonym of	kb
3489	is published by	kb
3490	is published in	kb
3491	is queen of	kb
3492	is recognised as	kb
3493	is recognized by	kb
3494	is recorded by	kb
3495	is recorded in works of	kb
3496	is referred to as	kb
3497	is regarded as	kb
3498	is reissue title of	kb
3499	is related to	kb
3500	is released by	kb
3501	is remake of	kb
3502	is remembered as	kb
3503	is remembered for	kb
3504	is remembered in	kb
3505	is responsible for	kb
3506	is revered as	kb
3507	is ruler of	kb
3508	is run by	kb
3509	is scheduled to be released on	kb
3510	is sequel of	kb
3511	is sequel to	kb
3512	is served by	kb
3513	is set in	kb
3514	is similar in melody to	kb
3515	is single from	kb
3516	is sister of	kb
3517	is sister to	kb
3518	is situated at the border of	kb
3519	is situated in	kb
3520	is situated on the border of	kb
3521	is sometimes called	kb
3522	is sometimes referred to as	kb
3523	is son of	kb
3524	is south of	kb
3525	is southeast of	kb
3526	is sovereign lord of	kb
3527	is spelled as	kb
3528	is spoken in	kb
3529	is spoof of	kb
3530	is spouse of	kb
3531	is stepfather of	kb
3532	is subject of	kb
3533	is subsidiary of	kb
3534	is succeeded by	kb
3535	is suffering because	kb
3536	is sung by	kb
3537	is the	kb
3538	is the 14th great grandmother of	kb
3539	is the 15th great grandmother of	kb
3540	is the 16th great grandmother of	kb
3541	is the 17th cousin of	kb
3542	is the 17th great grandmother of	kb
3543	is the 6th cousin of	kb
3544	is the administrative center of	kb
3545	is the alias of	kb
3546	is the author of	kb
3547	is the b side of	kb
3548	is the banner of	kb
3549	is the birthplace of	kb
3550	is the brother of	kb
3551	is the captain of	kb
3552	is the chief justice of	kb
3553	is the child of	kb
3554	is the consort of	kb
3555	is the count of	kb
3556	is the cousin of	kb
3557	is the current dutch king of	kb
3558	is the current head of	kb
3559	is the current king of	kb
3560	is the daughter of	kb
3561	is the denomination of	kb
3562	is the director of	kb
3563	is the duchess consort of	kb
3564	is the duchess of	kb
3565	is the duke of	kb
3566	is the editor of	kb
3567	is the elder brother of	kb
3568	is the elder son of	kb
3569	is the eldest brother of	kb
3570	is the eldest child of	kb
3571	is the eldest grandson of	kb
3572	is the eldest son of	kb
3573	is the english title of	kb
3574	is the father in law of	kb
3575	is the father of	kb
3576	is the fifth cousin of	kb
3577	is the fifth installment in	kb
3578	is the first child of	kb
3579	is the first duke of	kb
3580	is the first sequel to	kb
3581	is the first son of	kb
3582	is the first tributary of	kb
3583	is the former first lady of	kb
3584	is the founder of	kb
3585	is the french name for	kb
3586	is the french title of	kb
3587	is the grand duke of	kb
3588	is the granddaughter of	kb
3589	is the grandfather of	kb
3590	is the grandmother of	kb
3591	is the grandson of	kb
3592	is the great grandchild of	kb
3593	is the great granddaughter of	kb
3594	is the great grandfather of	kb
3595	is the great grandmother of	kb
3596	is the great grandson of	kb
3597	is the great great grandfather of	kb
3598	is the great great grandson of	kb
3599	is the great great great grandson of	kb
3600	is the half sister of	kb
3601	is the head of	kb
3602	is the heir of	kb
3603	is the hindi word for	kb
3604	is the host of	kb
3605	is the husband of	kb
3606	is the illegitimate son of	kb
3607	is the king of	kb
3608	is the landgrave of	kb
3609	is the last	kb
3610	is the last king of	kb
3611	is the lead singer of	kb
3612	is the lord chamberlain of	kb
3613	is the margrave of	kb
3614	is the maternal aunt of	kb
3615	is the maternal grandmother of	kb
3616	is the mayor of	kb
3617	is the member of	kb
3618	is the modern day name of	kb
3619	is the mother in law of	kb
3620	is the mother of	kb
3621	is the name for	kb
3622	is the name of	kb
3623	is the nearest regional town of	kb
3624	is the neighboring empire of	kb
3625	is the nephew of	kb
3626	is the niece of	kb
3627	is the ninth film in	kb
3628	is the older brother of	kb
3629	is the oldest daughter of	kb
3630	is the parent of	kb
3631	is the pen name for	kb
3632	is the place of death of	kb
3633	is the predecessor of	kb
3634	is the present king of	kb
3635	is the president of	kb
3636	is the pretender to	kb
3637	is the prime minister of	kb
3638	is the princess consort of	kb
3639	is the principal nom de plume of	kb
3640	is the same person as	kb
3641	is the second cousin of	kb
3642	is the second daughter of	kb
3643	is the second queen of	kb
3644	is the second son of	kb
3645	is the sequel of	kb
3646	is the sequel to	kb
3647	is the sibling of	kb
3648	is the singer of	kb
3649	is the sister in law of	kb
3650	is the sister of	kb
3651	is the son of	kb
3652	is the spouse of	kb
3653	is the stage name of	kb
3654	is the studio of	kb
3655	is the successor of	kb
3656	is the third cousin of	kb
3657	is the third installment in	kb
3658	is the third installment of	kb
3659	is the third son of	kb
3660	is the third wife of	kb
3661	is the title of	kb
3662	is the twin sister of	kb
3663	is the uncle of	kb
3664	is the wife of	kb
3665	is the younger sister of	kb
3666	is the youngest child of	kb
3667	is the youngest daughter of	kb
3668	is the youngest of four children of	kb
3669	is the youngest son of	kb
3670	is the youngest surviving child of	kb
3671	is thought to be	kb
3672	is thought to be daughter of	kb
3673	is thought to have been king of	kb
3674	is titled	kb
3675	is titled as	kb
3676	is titled in	kb
3677	is uncle of	kb
3678	is unlocked by	kb
3679	is used in	kb
3680	is wife of	kb
3681	is written by	kb
3682	is younger brother of	kb
3683	is youngest child of	kb
3684	issued	kb
3685	issued around the same time as	kb
3686	issued by	kb
3687	issued on	kb
3688	italian translation is	kb
3689	jingle is	kb
3690	joined	kb
3691	joined alliance with	kb
3692	joined campaign with	kb
3693	joined during	kb
3694	joined forces with	kb
3695	joined in	kb
3696	joined the	kb
3697	joined the campaign of	kb
3698	joined the forces of	kb
3699	joins	kb
3700	joint academic venture with	kb
3701	joint king with	kb
3702	joint warden of	kb
3703	jointly commanded	kb
3704	jointly ruled with	kb
3705	journal of	kb
3706	journal published as	kb
3707	journey across	kb
3708	juxtaposes	kb
3709	kept	kb
3710	kept his residence in	kb
3711	kept surname	kb
3712	khan of	kb
3713	kicked off the career of	kb
3714	kidnapped and beheaded by	kb
3715	kidnapped by	kb
3716	killed	kb
3717	killed at	kb
3718	killed at the hands of	kb
3719	killed by	kb
3720	killed during	kb
3721	killed in	kb
3722	killed in action near	kb
3723	killed in battle at	kb
3724	killed on	kb
3725	killer of	kb
3726	king of	kb
3727	knew	kb
3728	knighted	kb
3729	knighted by	kb
3730	knighted in	kb
3731	knighted on	kb
3732	knocked off	kb
3733	knocked the bar off with their poles at	kb
3734	known as	kb
3735	known by	kb
3736	known for	kb
3737	known for collaborations with	kb
3738	known for contributions to	kb
3739	known for designs of	kb
3740	known for directing	kb
3741	known for her role in	kb
3742	known for her roles in	kb
3743	known for his role in	kb
3744	known for his work with	kb
3745	known for movies with	kb
3746	known for performance in	kb
3747	known for playing	kb
3748	known for playing the role of	kb
3749	known for portraying	kb
3750	known for producing	kb
3751	known for role in	kb
3752	known for roles in	kb
3753	known for starring in	kb
3754	known for working with	kb
3755	known for works in	kb
3756	known for works with	kb
3757	known for writing	kb
3758	known from	kb
3759	known in	kb
3760	known professionally as	kb
3761	known through	kb
3762	known to wear	kb
3763	labeled as	kb
3764	labelled	kb
3765	lack of	kb
3766	laid claim to	kb
3767	laid to rest in	kb
3768	landed first acting role in	kb
3769	landgrave of	kb
3770	landgravine of	kb
3771	language	kb
3772	language of	kb
3773	language of instruction was	kb
3774	largest in	kb
3775	last earl of carlisle to own	kb
3776	last entry in	kb
3777	last film appearance in	kb
3778	last film for	kb
3779	last film released in	kb
3780	last film was	kb
3781	last in	kb
3782	last issued in	kb
3783	last king of	kb
3784	last motion picture	kb
3785	last movie directed by	kb
3786	last movie was	kb
3787	last of	kb
3788	last played for	kb
3789	last played in	kb
3790	last recorded count of	kb
3791	last release was	kb
3792	last ruler of	kb
3793	last spanish governor of	kb
3794	last to star	kb
3795	last two films as director were	kb
3796	later	kb
3797	later adapted as	kb
3798	later became	kb
3799	later became emir of	kb
3800	later became known as	kb
3801	later directed	kb
3802	later filmed at	kb
3803	later known as	kb
3804	later passed to	kb
3805	later recorded by	kb
3806	later renamed	kb
3807	later renamed to	kb
3808	later resumed in	kb
3809	later reverted to	kb
3810	later styled to	kb
3811	latest features are	kb
3812	launched	kb
3813	launched at	kb
3814	launched by	kb
3815	launched career as	kb
3816	launched development project for	kb
3817	launched in	kb
3818	launched in place of	kb
3819	launched on	kb
3820	launched the career of	kb
3821	lay abbot of	kb
3822	lead role	kb
3823	lead role played by	kb
3824	lead vocalist of	kb
3825	leading the events of	kb
3826	leads	kb
3827	learned	kb
3828	learned english from	kb
3829	learned instruments with	kb
3830	learned to play	kb
3831	learns to read english using	kb
3832	leased	kb
3833	leased by	kb
3834	leased to	kb
3835	lectured at	kb
3836	lectured in	kb
3837	lectured on	kb
3838	lectures at	kb
3839	led	kb
3840	led a party of gentlemen including	kb
3841	led army in	kb
3842	led attack against	kb
3843	led by	kb
3844	led campaign against	kb
3845	led campaign in	kb
3846	led communications at	kb
3847	led crusaders in	kb
3848	led division in	kb
3849	led his own group in	kb
3850	led raid on	kb
3851	led raids against	kb
3852	led rebellion on	kb
3853	led revolt against	kb
3854	led the attack against	kb
3855	led the rebellion in	kb
3856	led the troops in the late struggle on	kb
3857	led to	kb
3858	led to evacuation of	kb
3859	led to nomination at	kb
3860	led to the approval of	kb
3861	led troops in pursuit of	kb
3862	left	kb
3863	left a son named	kb
3864	left a son who would later ascend to the throne as	kb
3865	left daughters named	kb
3866	left estate to	kb
3867	left filmmaking and trained	kb
3868	left for	kb
3869	left his share to	kb
3870	left in	kb
3871	left inscription at	kb
3872	left italy for	kb
3873	left most of his property to	kb
3874	left over a dispute with	kb
3875	left sons named	kb
3876	left the band for	kb
3877	left to fight with	kb
3878	left wealth to	kb
3879	legalized	kb
3880	legalized under	kb
3881	legally changed his name to	kb
3882	legislation passed by	kb
3883	legitimated by	kb
3884	lends his name to	kb
3885	length is	kb
3886	lent her voice to	kb
3887	libretto by	kb
3888	licensed to	kb
3889	lies about	kb
3890	lies beside	kb
3891	lies between	kb
3892	lies near	kb
3893	lies north east of	kb
3894	lies north of	kb
3895	lies northeast of	kb
3896	lies south of	kb
3897	lies south of the peak of	kb
3898	lies south west of	kb
3899	lies southeast of	kb
3900	lies southwest of	kb
3901	liked by	kb
3902	likened to	kb
3903	limited release on	kb
3904	limited the power of	kb
3905	linked to	kb
3906	linked with	kb
3907	lip synced by	kb
3908	listed	kb
3909	listed as	kb
3910	listed in	kb
3911	listed on	kb
3912	listed to compete at	kb
3913	literal title	kb
3914	literally translates as	kb
3915	lived as	kb
3916	lived at	kb
3917	lived between	kb
3918	lived during	kb
3919	lived from	kb
3920	lived in	kb
3921	lived in the reign of	kb
3922	lived in the time of	kb
3923	lived near	kb
3924	lived on	kb
3925	lived to see	kb
3926	lived to the age of	kb
3927	lived under	kb
3928	lived until	kb
3929	lived with	kb
3930	lives in	kb
3931	living in	kb
3932	living on the border with	kb
3933	located	kb
3934	located 3 2 km southwest of	kb
3935	located about	kb
3936	located along	kb
3937	located along the road connecting	kb
3938	located at	kb
3939	located between	kb
3940	located east northeast of	kb
3941	located east of	kb
3942	located in	kb
3943	located near	kb
3944	located near to	kb
3945	located north of	kb
3946	located northeast of	kb
3947	located northwest of	kb
3948	located on	kb
3949	located west of	kb
3950	location	kb
3951	location of	kb
3952	looked after	kb
3953	looked to	kb
3954	loosely adapted from	kb
3955	loosely based on	kb
3956	looted	kb
3957	lord lieutenant of	kb
3958	lord of	kb
3959	lord zu	kb
3960	lordship faced resistance from	kb
3961	lost	kb
3962	lost at	kb
3963	lost his arm in	kb
3964	lost his arm on	kb
3965	lost his leg during	kb
3966	lost his life in	kb
3967	lost his singing voice in	kb
3968	lost powers under	kb
3969	lost title after	kb
3970	lost to	kb
3971	lost wielu  due to rebellion of	kb
3972	love interest of	kb
3973	lyrics added by	kb
3974	lyrics by	kb
3975	lyrics concern	kb
3976	lyrics written by	kb
3977	lyrics wrote by	kb
3978	mac version developed by	kb
3979	mac version published by	kb
3980	made	kb
3981	made a cameo in	kb
3982	made a county in	kb
3983	made a deal with	kb
3984	made a decisive break from	kb
3985	made a donation to	kb
3986	made a freeman in	kb
3987	made a freeman of	kb
3988	made a hard hitting story about	kb
3989	made a treaty with	kb
3990	made acquaintance of	kb
3991	made acting debut in	kb
3992	made after	kb
3993	made an agreement with	kb
3994	made appearance in	kb
3995	made as a response to	kb
3996	made at	kb
3997	made attempts to assert claims against	kb
3998	made available as	kb
3999	made available for purchase on	kb
4000	made back to back with	kb
4001	made baron herbert in	kb
4002	made breakthrough by throwing	kb
4003	made by	kb
4004	made by the same team as	kb
4005	made cameo appearance in	kb
4006	made cameo appearances on	kb
4007	made career in	kb
4008	made claim to english throne in	kb
4009	made contributions to	kb
4010	made debut against	kb
4011	made debut as	kb
4012	made debut at	kb
4013	made debut for	kb
4014	made debut in	kb
4015	made debut on	kb
4016	made debut with	kb
4017	made directoral debut in	kb
4018	made directorial debut in	kb
4019	made directorial debut with	kb
4020	made discoveries in	kb
4021	made donation to	kb
4022	made during	kb
4023	made earl of worcester in	kb
4024	made film debut in	kb
4025	made films about	kb
4026	made films in	kb
4027	made films including	kb
4028	made films with	kb
4029	made final film appearance in	kb
4030	made first appearance in	kb
4031	made for	kb
4032	made foray into cinema as associate to	kb
4033	made fortune during	kb
4034	made her film debut in	kb
4035	made his debut in first class cricket at	kb
4036	made his directorial debut with	kb
4037	made his first film in	kb
4038	made history on	kb
4039	made history with	kb
4040	made in	kb
4041	made international debut against	kb
4042	made into	kb
4043	made its premiere television broadcast on	kb
4044	made literary debut with	kb
4045	made movies in	kb
4046	made of	kb
4047	made on location in	kb
4048	made plans for	kb
4049	made popular	kb
4050	made professional debut at	kb
4051	made propaganda films for	kb
4052	made provision for	kb
4053	made re entries on	kb
4054	made records for	kb
4055	made reference on	kb
4056	made reference to	kb
4057	made reforms in	kb
4058	made screen debut in	kb
4059	made simultaneously with	kb
4060	made single	kb
4061	made tamil film debut in	kb
4062	made the film at	kb
4063	made using actors from	kb
4064	maiden name	kb
4065	mainly active in	kb
4066	maintained by	kb
4067	maintained correspondence with	kb
4068	maintained peace in	kb
4069	maintained salon in	kb
4070	maintains	kb
4071	maintains publishing office in	kb
4072	maintains rivalry with	kb
4073	major distributor of	kb
4074	majored in	kb
4075	majority being	kb
4076	majority owned by	kb
4077	makes	kb
4078	makes appearance in	kb
4079	makes deal with	kb
4080	makes use of	kb
4081	male equivalent of	kb
4082	managed	kb
4083	managed by	kb
4084	managing editor is	kb
4085	manipulated by	kb
4086	manufactured	kb
4087	manufactures	kb
4088	marched against	kb
4089	marched from	kb
4090	marched on	kb
4091	marched troops towards	kb
4092	marched with	kb
4093	marginalized	kb
4094	margrave of	kb
4095	marked	kb
4096	marked the film debut of	kb
4097	marketed	kb
4098	marketed as	kb
4099	marks	kb
4100	marks final role for	kb
4101	marks the first installment without	kb
4102	marks the first serious effort to portray	kb
4103	marks the second collaboration between	kb
4104	married	kb
4105	married at	kb
4106	married before	kb
4107	married first	kb
4108	married firstly	kb
4109	married for a second time to	kb
4110	married in	kb
4111	married into	kb
4112	married on	kb
4113	married secondly	kb
4114	married since	kb
4115	married thirdly	kb
4116	married to	kb
4117	married until	kb
4118	married with	kb
4119	martyred near	kb
4120	mash up with	kb
4121	masked hero in	kb
4122	massacred	kb
4123	mastered his commercial recordings onto	kb
4124	maternal grandfather was	kb
4125	maternal grandparents were	kb
4126	maternal half siblings include	kb
4127	matriculated at	kb
4128	may be	kb
4129	may be encountered near	kb
4130	may have been murdered by	kb
4131	may have obtained position by marriage to	kb
4132	may leave	kb
4133	may refer to	kb
4134	mayor of	kb
4135	meaning	kb
4136	means	kb
4137	mediated in the conflict over the control of antioch between	kb
4138	meets	kb
4139	member of	kb
4140	member of parliament for	kb
4141	members of	kb
4142	memorialized in	kb
4143	mention of	kb
4144	mentioned	kb
4145	mentioned by	kb
4146	mentioned during reign of	kb
4147	mentioned in	kb
4148	mentions	kb
4149	mentored	kb
4150	mentored by	kb
4151	mentored under	kb
4152	merged the stylings of	kb
4153	merged with	kb
4154	met	kb
4155	met with	kb
4156	might have been responsible for	kb
4157	migrated into	kb
4158	migrated to	kb
4159	military commander for	kb
4160	mined by	kb
4161	mined for	kb
4162	miss mexico in	kb
4163	missing since	kb
4164	mission is	kb
4165	misspelled	kb
4166	mixes elements of	kb
4167	modeled on	kb
4168	moderated by	kb
4169	monitored by	kb
4170	more popular than	kb
4171	morganatic spouse of	kb
4172	mortally wounded at	kb
4173	most awarded	kb
4174	most capped player alongside	kb
4175	most famous work was	kb
4176	most known for	kb
4177	most popular international artist in	kb
4178	most powerful landowner in	kb
4179	most powerful woman in	kb
4180	most records sold in history in	kb
4181	most successful film in	kb
4182	most successful film of	kb
4183	most successful foreign record seller in	kb
4184	mother	kb
4185	mother died on	kb
4186	mother gave birth to	kb
4187	mother in law of	kb
4188	mother is	kb
4189	mother of	kb
4190	mother was	kb
4191	motivated by	kb
4192	motto is	kb
4193	mourns in	kb
4194	moved army to	kb
4195	moved away from	kb
4196	moved from	kb
4197	moved his court and government to	kb
4198	moved into	kb
4199	moved on to create	kb
4200	moved to	kb
4201	moved to co present	kb
4202	moved with	kb
4203	moved with family to	kb
4204	movie debut in	kb
4205	moving force behind creation of	kb
4206	mp for	kb
4207	murdered	kb
4208	murdered at	kb
4209	murdered by	kb
4210	murdered in	kb
4211	murdered on	kb
4212	murdered on orders of	kb
4213	music by	kb
4214	music composed by	kb
4215	music director was	kb
4216	music released on	kb
4217	music score by	kb
4218	music scored by	kb
4219	music video directed in	kb
4220	music video rarely played in	kb
4221	music video released on	kb
4222	music written by	kb
4223	mystery series written by	kb
4224	n e	kb
4225	name is of	kb
4226	named	kb
4227	named after	kb
4228	named as	kb
4229	named bishop of	kb
4230	named by	kb
4231	named for	kb
4232	named in	kb
4233	named in honor of	kb
4234	named in honour of	kb
4235	named its award for new talent	kb
4236	named one of the most significant films by	kb
4237	named the chairman of	kb
4238	named to	kb
4239	namesake of	kb
4240	narrated	kb
4241	narrated by	kb
4242	narrates	kb
4243	narrates from	kb
4244	narrates in	kb
4245	narration read by	kb
4246	narration written by	kb
4247	narrative film about	kb
4248	narrative revolves around	kb
4249	national champion in	kb
4250	national team includes	kb
4251	nationality	kb
4252	nationality is	kb
4253	nationalized	kb
4254	native of	kb
4255	native place is	kb
4256	native to	kb
4257	nearest higher peak is	kb
4258	nearly	kb
4259	needed access to the port of	kb
4260	negotiated with	kb
4261	neighbor of	kb
4262	neighbouring magnate of	kb
4263	nephew of	kb
4264	net worth estimated at	kb
4265	never acknowledged	kb
4266	never held	kb
4267	never reigned owing to	kb
4268	nickname	kb
4269	nickname is	kb
4270	nicknamed	kb
4271	niece of	kb
4272	noblewoman from	kb
4273	nominally belonged to	kb
4274	nominally ruled as duke alongside	kb
4275	nominated	kb
4276	nominated as	kb
4277	nominated at	kb
4278	nominated by	kb
4279	nominated for	kb
4280	nominated for film	kb
4281	nominated in	kb
4282	nominated on	kb
4283	nominated under	kb
4284	nominee for	kb
4285	not as well received as	kb
4286	not credited with	kb
4287	not given	kb
4288	not granted	kb
4289	not happy with	kb
4290	not in	kb
4291	not prosecuted for	kb
4292	not selected	kb
4293	not styled as	kb
4294	not to be confused with	kb
4295	not well received by	kb
4296	notable for	kb
4297	noted for	kb
4298	noted for association with	kb
4299	notorious and elusive cat burglar of	kb
4300	novel	kb
4301	novel by	kb
4302	novel published in english as	kb
4303	novel titled	kb
4304	novel written towards the end of life by	kb
4305	now	kb
4306	now called	kb
4307	now in	kb
4308	now known as	kb
4309	nullified	kb
4310	nurtured	kb
4311	objected to	kb
4312	obtained	kb
4313	obtained degree from	kb
4314	obtained degree in	kb
4315	obtained doctorate in	kb
4316	obtained duchy of	kb
4317	obtained in exchange	kb
4318	obtained pomerelia through inheritance from	kb
4319	obtained screen rights to	kb
4320	obtained title of	kb
4321	occasional	kb
4322	occupied	kb
4323	occupied the lands of	kb
4324	occupied with	kb
4325	occurred after	kb
4326	occurred before	kb
4327	occurred between	kb
4328	occurred during	kb
4329	occurred from	kb
4330	occurred in	kb
4331	of	kb
4332	of delhi	kb
4333	of descent	kb
4334	of inhabitants of	kb
4335	of origin	kb
4336	of the	kb
4337	of the early	kb
4338	of the same name as	kb
4339	offered since	kb
4340	offered the english crown to	kb
4341	offered the throne to	kb
4342	offered to desert to	kb
4343	offers	kb
4344	offers degrees in	kb
4345	officer in	kb
4346	officer of	kb
4347	official debut happened in	kb
4348	official entry to	kb
4349	official name is	kb
4350	official organ of	kb
4351	officially invested	kb
4352	often works under pseudonyms such as	kb
4353	older brother of	kb
4354	older brother to	kb
4355	oldest child of	kb
4356	omits	kb
4357	on	kb
4358	on album	kb
4359	on her way to	kb
4360	on international assignment from	kb
4361	on loan from	kb
4362	on the board of directors of	kb
4363	on the death of	kb
4364	one of the earliest anthologies to include the poetry of	kb
4365	only directorial of	kb
4366	op  70	kb
4367	open in	kb
4368	opened	kb
4369	opened in	kb
4370	opened in theaters on	kb
4371	opened office in	kb
4372	opened on	kb
4373	opened to	kb
4374	opened to the public in	kb
4375	opens	kb
4376	operate from	kb
4377	operate to	kb
4378	operated	kb
4379	operated as	kb
4380	operated by	kb
4381	operated ferries from	kb
4382	operated from	kb
4383	operated until	kb
4384	operates	kb
4385	operates as	kb
4386	operates in	kb
4387	operates under	kb
4388	opportunity for	kb
4389	opportunity to work with	kb
4390	opposed	kb
4391	opposed by	kb
4392	opposed to	kb
4393	opposite	kb
4394	opposite side with	kb
4395	opted to have name removed from	kb
4396	optioned	kb
4397	orchestrated	kb
4398	ordained as	kb
4399	ordained in	kb
4400	ordained to	kb
4401	ordained to the episcopate at	kb
4402	ordered	kb
4403	ordered by year in	kb
4404	ordered the assassination of	kb
4405	ordered the banning of	kb
4406	ordered the construction of	kb
4407	ordered to pay	kb
4408	ordered transferred away from	kb
4409	organised	kb
4410	organized	kb
4411	organized a coup against	kb
4412	organized by	kb
4413	origin of	kb
4414	original footage divided into	kb
4415	original name was	kb
4416	original title	kb
4417	original title described as	kb
4418	originally active from	kb
4419	originally aired on	kb
4420	originally called	kb
4421	originally developed theme in	kb
4422	originally directed by	kb
4423	originally distributed by	kb
4424	originally from	kb
4425	originally located in	kb
4426	originally penned for	kb
4427	originally performed by	kb
4428	originally produced in	kb
4429	originally published in	kb
4430	originally published on	kb
4431	originally recorded by	kb
4432	originally released at	kb
4433	originally released by	kb
4434	originally released in	kb
4435	originally titled	kb
4436	originated	kb
4437	originated from	kb
4438	originated in	kb
4439	originated with	kb
4440	originates east of	kb
4441	originates near	kb
4442	otherwise known as	kb
4443	ousted	kb
4444	outlasted	kb
4445	outlived	kb
4446	outshone	kb
4447	over whether greece should enter	kb
4448	overlooks	kb
4449	overlordship won from	kb
4450	overran	kb
4451	oversaw	kb
4452	overseen	kb
4453	overseen by	kb
4454	oversees	kb
4455	overthrew	kb
4456	overthrown as	kb
4457	overthrown by	kb
4458	overthrown during	kb
4459	owned	kb
4460	owned and operated ranches in	kb
4461	owned by	kb
4462	owned the rights to	kb
4463	owner of	kb
4464	owns	kb
4465	owns photographs by	kb
4466	owns works by	kb
4467	padded for television into	kb
4468	paid extra by	kb
4469	paid homage to	kb
4470	painted	kb
4471	painted by	kb
4472	painted landscapes in the style of	kb
4473	painted landscapes inspired by	kb
4474	painted over	kb
4475	painted portrait of	kb
4476	painted portraits of	kb
4477	painted the portrait of	kb
4478	painted the poster for	kb
4479	painted unused poster for	kb
4480	painting located in	kb
4481	paired with	kb
4482	palme d  or winning for	kb
4483	papers were considered unsafe by	kb
4484	parent abbey of	kb
4485	parent of	kb
4486	parents are	kb
4487	parents died in	kb
4488	parents were	kb
4489	parodied	kb
4490	parodied in	kb
4491	parody of	kb
4492	parodying	kb
4493	part in	kb
4494	part of	kb
4495	part of album	kb
4496	part of ensemble in	kb
4497	part of ensemble with	kb
4498	part of investigation of	kb
4499	part of series	kb
4500	part of series produced by	kb
4501	part of trilogy	kb
4502	part of trilogy with	kb
4503	part of writing partnership with	kb
4504	part of writing team for	kb
4505	partially spoken in	kb
4506	participated by	kb
4507	participated in	kb
4508	participated in attack on	kb
4509	participated in campaigns in	kb
4510	participated in delegations to	kb
4511	participated in founding of	kb
4512	participated in recordings with	kb
4513	participates in	kb
4514	partitioned	kb
4515	partitioned in	kb
4516	partitioned territories with	kb
4517	partly based on	kb
4518	partly compelled by	kb
4519	partner in	kb
4520	partner in beach volleyball is	kb
4521	partnered	kb
4522	partnered with	kb
4523	partners with	kb
4524	passed	kb
4525	passed away on	kb
4526	passed territory to	kb
4527	passed the crown of luxembourg to	kb
4528	passed the title of	kb
4529	passed through	kb
4530	passed to	kb
4531	passing as	kb
4532	paternal granddaughter of	kb
4533	paternal grandfather of	kb
4534	paternal grandparents are	kb
4535	paternal grandparents were	kb
4536	paternal grandson of	kb
4537	patron of	kb
4538	patronized	kb
4539	pays tribute to	kb
4540	peak position of	kb
4541	peaked at	kb
4542	peaked at number	kb
4543	peaked at number 30 on	kb
4544	peaked at number 5 on	kb
4545	peaked at number one in	kb
4546	peaked at number one on	kb
4547	peaked in	kb
4548	peaked on	kb
4549	peaked within the top ten of	kb
4550	peaking at number	kb
4551	peer of	kb
4552	pen name given by	kb
4553	penned	kb
4554	penned alias	kb
4555	penned by	kb
4556	penned screenplay for	kb
4557	penned songs for	kb
4558	penning	kb
4559	perceived as	kb
4560	perform by	kb
4561	perform for	kb
4562	performance at	kb
4563	performance in	kb
4564	performance in series agar tum na hotay	kb
4565	performed	kb
4566	performed as	kb
4567	performed at	kb
4568	performed by	kb
4569	performed cinematography for	kb
4570	performed during	kb
4571	performed in	kb
4572	performed live by	kb
4573	performed live during	kb
4574	performed live on	kb
4575	performed music of	kb
4576	performed on	kb
4577	performed on stage for the first time at the age of	kb
4578	performed poorly at	kb
4579	performed to promote	kb
4580	performed under the name	kb
4581	performed until	kb
4582	performed vocals of	kb
4583	performed with	kb
4584	performs	kb
4585	performs at	kb
4586	performs songs in	kb
4587	perhaps was a professor at	kb
4588	perished during	kb
4589	permeated	kb
4590	permitted	kb
4591	persecuted by	kb
4592	persecuted during	kb
4593	personal attachment to	kb
4594	personal life	kb
4595	personal name	kb
4596	personified by	kb
4597	persuaded	kb
4598	persuaded the donation to	kb
4599	petitioned for seat in	kb
4600	petitioned to serve in	kb
4601	pfalzgraf of	kb
4602	ph d  in	kb
4603	photographed	kb
4604	photographed for	kb
4605	photographed in	kb
4606	pick off	kb
4607	picked up	kb
4608	picked up by	kb
4609	pillaged	kb
4610	pioneer in	kb
4611	pioneer of	kb
4612	pioneered	kb
4613	pioneering cyber character created by	kb
4614	pitched	kb
4615	pitched for	kb
4616	pitched in	kb
4617	place of burial	kb
4618	place where	kb
4619	placed	kb
4620	placed before	kb
4621	placed bones of	kb
4622	placed curse on	kb
4623	placed in	kb
4624	placed number 10 on	kb
4625	placed reign of marianus i in	kb
4626	placed third in	kb
4627	planned by	kb
4628	planned film for	kb
4629	planned for	kb
4630	planned for release in	kb
4631	planned to establish as	kb
4632	planned to have	kb
4633	planned to join	kb
4634	planned to make	kb
4635	planned to travel to	kb
4636	planning to	kb
4637	planning to record	kb
4638	play	kb
4639	play in	kb
4640	played	kb
4641	played a deciding role in establishing	kb
4642	played a featured role in	kb
4643	played a key role in the reign of	kb
4644	played a major role in preventing	kb
4645	played a pacifying role in	kb
4646	played a part in	kb
4647	played a role in	kb
4648	played a role in passing	kb
4649	played a role in the foundation of	kb
4650	played a significant role in the dethronement of	kb
4651	played against	kb
4652	played as	kb
4653	played at	kb
4654	played by	kb
4655	played character	kb
4656	played charity concerts for	kb
4657	played club cricket for	kb
4658	played club cricket in	kb
4659	played college basketball for	kb
4660	played college football at	kb
4661	played college football for	kb
4662	played cricket at	kb
4663	played cricket between	kb
4664	played cricket for	kb
4665	played cricket in	kb
4666	played cricket matches in	kb
4667	played during	kb
4668	played football at	kb
4669	played football for	kb
4670	played for	kb
4671	played from	kb
4672	played in	kb
4673	played in a band called	kb
4674	played in final against	kb
4675	played in the house band at	kb
4676	played junior football for	kb
4677	played on	kb
4678	played pivotal role in	kb
4679	played poker in	kb
4680	played professionally in	kb
4681	played role in	kb
4682	played role of	kb
4683	played roles in	kb
4684	played semi professionally in	kb
4685	played the character	kb
4686	played the role of	kb
4687	played until	kb
4688	played with	kb
4689	playing	kb
4690	playing for	kb
4691	playing in	kb
4692	playing position is	kb
4693	plays	kb
4694	plays as	kb
4695	plays at	kb
4696	plays character in	kb
4697	plays for	kb
4698	plays in	kb
4699	plays on	kb
4700	plays the role of	kb
4701	plays with	kb
4702	pledged to	kb
4703	plot changed greatly in	kb
4704	plot concerns	kb
4705	plot follows	kb
4706	plot inspired by	kb
4707	plot involves	kb
4708	plot tells about	kb
4709	plots with	kb
4710	poached on the lands of	kb
4711	poet of	kb
4712	polemicist against	kb
4713	policy sanctioning	kb
4714	politically related to	kb
4715	popular for	kb
4716	popular in	kb
4717	popular with	kb
4718	popularized	kb
4719	popularized by	kb
4720	popularized his name with	kb
4721	popularized through	kb
4722	popularizer of	kb
4723	popularly known as	kb
4724	population in	kb
4725	portrayal in	kb
4726	portrayal of	kb
4727	portrayed	kb
4728	portrayed a smaller version of	kb
4729	portrayed as	kb
4730	portrayed by	kb
4731	portrayed in	kb
4732	portrayed role in	kb
4733	portraying	kb
4734	portraying tension and solidarity between	kb
4735	portrays	kb
4736	portrays as	kb
4737	portrays the life of	kb
4738	poses as	kb
4739	positioned at	kb
4740	possessed by	kb
4741	possesses	kb
4742	possibly daughter of	kb
4743	possibly from	kb
4744	possibly the oldest daughter of	kb
4745	postal address in	kb
4746	posthumous title was	kb
4747	posthumously known as	kb
4748	powered by	kb
4749	powers were extended into	kb
4750	practiced law in	kb
4751	practiced law with	kb
4752	praetorian prefect of	kb
4753	praised	kb
4754	praised by	kb
4755	praised for	kb
4756	praised the leadership of	kb
4757	praises	kb
4758	preceded	kb
4759	preceded by	kb
4760	predeceased	kb
4761	predeceased by	kb
4762	predominantly	kb
4763	preferred to live in	kb
4764	premi red at	kb
4765	premiere took place in	kb
4766	premiered at	kb
4767	premiered film at	kb
4768	premiered in	kb
4769	premiered on	kb
4770	prepared for	kb
4771	preparing for	kb
4772	prequel	kb
4773	prequel to	kb
4774	presaged	kb
4775	present president is	kb
4776	presented	kb
4777	presented at	kb
4778	presented by	kb
4779	presented himself at	kb
4780	presented the script to	kb
4781	presented to	kb
4782	presents	kb
4783	preserved	kb
4784	preserved at	kb
4785	preserved by	kb
4786	preserved in	kb
4787	presided over	kb
4788	president from	kb
4789	president of	kb
4790	president until	kb
4791	pressured	kb
4792	pressured the college of cardinals to elect	kb
4793	presumed	kb
4794	presumed dead	kb
4795	presumed to be	kb
4796	presumes	kb
4797	pretend to be	kb
4798	pretended to be	kb
4799	pretender to	kb
4800	pretty persuasion	kb
4801	prevailed on	kb
4802	prevented deaths during	kb
4803	prevented from releasing	kb
4804	previous feature	kb
4805	previous film version of	kb
4806	previous version of	kb
4807	previously adapted as	kb
4808	previously adapted into	kb
4809	previously collaborated on	kb
4810	previously edited	kb
4811	previously known as	kb
4812	previously made into film by	kb
4813	previously made into film in	kb
4814	previously named	kb
4815	previously played in	kb
4816	prince bishop of	kb
4817	prince of	kb
4818	princess of	kb
4819	principal photography began in	kb
4820	principal photography took place from	kb
4821	prior to the birth of	kb
4822	proclaimed	kb
4823	proclaimed by	kb
4824	proclaimed judge along with	kb
4825	proclaimed on	kb
4826	produced	kb
4827	produced after	kb
4828	produced albums for	kb
4829	produced and directed	kb
4830	produced and directed by	kb
4831	produced and distributed by	kb
4832	produced and released	kb
4833	produced and released by	kb
4834	produced between	kb
4835	produced by	kb
4836	produced during	kb
4837	produced films between	kb
4838	produced films in	kb
4839	produced for	kb
4840	produced for exhibition on	kb
4841	produced in	kb
4842	produced in association with	kb
4843	produced more than	kb
4844	produced on	kb
4845	produced programmes for	kb
4846	produced records in	kb
4847	produced under	kb
4848	produced with	kb
4849	producer correspondent for	kb
4850	producer for	kb
4851	producer of	kb
4852	produces	kb
4853	produces rankings of	kb
4854	produces shows for	kb
4855	production banner	kb
4856	production companies	kb
4857	production design by	kb
4858	production handled by	kb
4859	production headed by	kb
4860	profession	kb
4861	professionally known as	kb
4862	professor of	kb
4863	progenitor of	kb
4864	project of	kb
4865	projects include	kb
4866	prologue inserted by	kb
4867	prominent in	kb
4868	prominent member during	kb
4869	promised	kb
4870	promoted	kb
4871	promoted by	kb
4872	promoted on	kb
4873	promoted the cult of	kb
4874	promoted to	kb
4875	promoted to officer status at	kb
4876	promoted with quote from	kb
4877	promoted with tag line	kb
4878	promoter of	kb
4879	promotes	kb
4880	promulgated	kb
4881	pronounced as	kb
4882	pronounced the same as	kb
4883	proposed	kb
4884	proposed as	kb
4885	proposed in	kb
4886	proposed the convening of	kb
4887	proposed the sale of her rights to	kb
4888	proposed to	kb
4889	proposed to marry	kb
4890	proposes to release	kb
4891	prosecuted for	kb
4892	prot g  of	kb
4893	protect	kb
4894	protect from	kb
4895	protecting	kb
4896	protecting wildlife in	kb
4897	protects	kb
4898	protested against	kb
4899	protested the actions of	kb
4900	prototype of	kb
4901	provide information about	kb
4902	provided	kb
4903	provided aid to	kb
4904	provided commentary for	kb
4905	provided feedback for	kb
4906	provided leadership in	kb
4907	provided supplies to	kb
4908	provided the voice of	kb
4909	provided voice of	kb
4910	provides	kb
4911	provides advice to	kb
4912	provides career launch for	kb
4913	provides conversions between	kb
4914	provides coverage in	kb
4915	provides information about	kb
4916	provides products and services through	kb
4917	provost of	kb
4918	publicized	kb
4919	publicly whipped	kb
4920	published	kb
4921	published a book titled	kb
4922	published an essay in	kb
4923	published autobiography in	kb
4924	published between	kb
4925	published books about	kb
4926	published by	kb
4927	published for	kb
4928	published from	kb
4929	published games from	kb
4930	published games until	kb
4931	published his first work in	kb
4932	published in	kb
4933	published in conjunction with	kb
4934	published in serial form in	kb
4935	published more than a dozen books of	kb
4936	published on	kb
4937	published posthumously after	kb
4938	published the work of	kb
4939	published under	kb
4940	published until	kb
4941	published work under the name	kb
4942	published works in	kb
4943	publisher between	kb
4944	publisher emeritus is	kb
4945	publisher in	kb
4946	publisher is	kb
4947	publisher of	kb
4948	publisher was	kb
4949	publishes	kb
4950	pupil of	kb
4951	purchased	kb
4952	purchased by	kb
4953	purchased from	kb
4954	purchased in	kb
4955	pursued	kb
4956	put under house arrest by	kb
4957	queen consort of	kb
4958	queen in	kb
4959	queen mother of	kb
4960	queen of	kb
4961	queen of burgundy at	kb
4962	questions	kb
4963	quoted in	kb
4964	raced at	kb
4965	raced in	kb
4966	raided	kb
4967	raised	kb
4968	raised by	kb
4969	raised forces for	kb
4970	raised in	kb
4971	raised near	kb
4972	raised questions about	kb
4973	raised to	kb
4974	raised to the peerage as	kb
4975	rajkumar sang in	kb
4976	rallied people against	kb
4977	ran	kb
4978	ran away from	kb
4979	ran concurrently with	kb
4980	ran film department in	kb
4981	ran for	kb
4982	ran for more than	kb
4983	ran from	kb
4984	ran in the 2015 local elections and secured	kb
4985	ran on	kb
4986	ran the blockade out of	kb
4987	ran until	kb
4988	ranked	kb
4989	ranked  1 in	kb
4990	ranked among	kb
4991	ranked as	kb
4992	ranked at no  6 on	kb
4993	ranked by	kb
4994	ranked crazy legs conti in	kb
4995	ranked no  16 in	kb
4996	ranked no  35 on	kb
4997	ranked number	kb
4998	ranked number nine on	kb
4999	ranked number one on	kb
5000	ranks	kb
5001	ranks as	kb
5002	rated	kb
5003	rated as	kb
5004	re edited by	kb
5005	re installed	kb
5006	re located to	kb
5007	re married	kb
5008	re released and made it to no	kb
5009	re released as	kb
5010	re released by	kb
5011	re released in	kb
5012	re released on	kb
5013	re released under the title	kb
5014	re released with	kb
5015	reached	kb
5016	reached  28 on	kb
5017	reached  3 on	kb
5018	reached its height of power and prosperity during reign of	kb
5019	reached its smallest size during the reign of	kb
5020	reached its zenith and became	kb
5021	reached no	kb
5022	reached no  1 in	kb
5023	reached no  16 on	kb
5024	reached no  4 on	kb
5025	reached no  44 in	kb
5026	reached no  5 in	kb
5027	reached no  74 on	kb
5028	reached number	kb
5029	reached number 3 on	kb
5030	reached number 51 on	kb
5031	reached number one in	kb
5032	reached number one on	kb
5033	reached position	kb
5034	reached success with	kb
5035	reached the rank of	kb
5036	reached the semifinals of	kb
5037	reaches a height of	kb
5038	reaches to	kb
5039	read	kb
5040	read his poems at	kb
5041	readopted on	kb
5042	reaffirmed treaty with	kb
5043	real estate developer in	kb
5044	real name	kb
5045	real name is	kb
5046	real name was	kb
5047	realized	kb
5048	really belonged to	kb
5049	reappeared against	kb
5050	reassigns to	kb
5051	rebelled against	kb
5052	rebelled with	kb
5053	reboot of	kb
5054	rebutted	kb
5055	recalled	kb
5056	recaptured	kb
5057	recast the concept of	kb
5058	received	kb
5059	received a letter from	kb
5060	received a nomination for	kb
5061	received a phd from	kb
5062	received a star on	kb
5063	received acclaim from	kb
5064	received accreditation from	kb
5065	received allegations of	kb
5066	received an education in	kb
5067	received assistance from	kb
5068	received authorization from	kb
5069	received authorization to run	kb
5070	received award at	kb
5071	received award for	kb
5072	received award in	kb
5073	received awards and nominations at	kb
5074	received best visual effects nominations at	kb
5075	received commission from	kb
5076	received criticism for	kb
5077	received degree at	kb
5078	received degree from	kb
5079	received directing credit for	kb
5080	received donation from	kb
5081	received for	kb
5082	received formal education at	kb
5083	received high praise from	kb
5084	received honorific from	kb
5085	received investment from	kb
5086	received lands in	kb
5087	received medal of honor during	kb
5088	received mixed reviews from	kb
5089	received nomination for	kb
5090	received nominations at	kb
5091	received oscar nomination for	kb
5092	received oscar nominations for	kb
5093	received positive reviews from	kb
5094	received postgraduate education at	kb
5095	received praise from critics for	kb
5096	received reaction from	kb
5097	received response from	kb
5098	received reviews from	kb
5099	received support from	kb
5100	received ten nominations at	kb
5101	received the honour of	kb
5102	received the thanks of	kb
5103	received the title of	kb
5104	received title of	kb
5105	receives	kb
5106	receives tributary from	kb
5107	recipient of	kb
5108	recited at	kb
5109	recited by	kb
5110	recited in	kb
5111	recited on	kb
5112	reclassified	kb
5113	reclassified as	kb
5114	recognised	kb
5115	recognised as	kb
5116	recognized	kb
5117	recognized as	kb
5118	recognized by	kb
5119	recognized for featuring	kb
5120	recognized nationally as an	kb
5121	recommended	kb
5122	recommended by	kb
5123	reconciled himself to	kb
5124	reconquered	kb
5125	reconstructed	kb
5126	record exceeded by	kb
5127	recorded	kb
5128	recorded admissions in	kb
5129	recorded admissions of	kb
5130	recorded album	kb
5131	recorded album in	kb
5132	recorded albums with	kb
5133	recorded and uploaded	kb
5134	recorded as	kb
5135	recorded at	kb
5136	recorded by	kb
5137	recorded cover versions in	kb
5138	recorded extensively for	kb
5139	recorded families in	kb
5140	recorded for	kb
5141	recorded from	kb
5142	recorded hits in	kb
5143	recorded hits such as	kb
5144	recorded in	kb
5145	recorded live in	kb
5146	recorded number of families as	kb
5147	recorded on	kb
5148	recorded population as	kb
5149	recorded population of	kb
5150	recorded songs by	kb
5151	recorded songs in	kb
5152	recorded to	kb
5153	recorded with	kb
5154	recorded with producer	kb
5155	records covers on	kb
5156	records the death of	kb
5157	records with	kb
5158	recounted career from	kb
5159	recounted career to	kb
5160	recounts	kb
5161	recouping	kb
5162	recovered	kb
5163	recovered the duchy in	kb
5164	recruited	kb
5165	recruited for	kb
5166	rector of	kb
5167	reduced	kb
5168	reduced its participation by	kb
5169	reduced power of	kb
5170	reelected as	kb
5171	reelected in	kb
5172	reenacts	kb
5173	reestablishment of the	kb
5174	refer to	kb
5175	referenced in	kb
5176	references	kb
5177	referred to	kb
5178	referred to as	kb
5179	refers to	kb
5180	refined and developed	kb
5181	reflected	kb
5182	reflective of	kb
5183	reflects interest in	kb
5184	refocused towards	kb
5185	reformed in	kb
5186	reformed into	kb
5187	refused exemption from classification for	kb
5188	refused to finance war with	kb
5189	refused to give	kb
5190	refused to pay tribute to	kb
5191	refused to recognise	kb
5192	refused to testify to	kb
5193	regained	kb
5194	regained control of parma under the protection of	kb
5195	regard	kb
5196	regarded	kb
5197	regarded as	kb
5198	regarded himself as	kb
5199	regency in the absence of	kb
5200	regent	kb
5201	regent during	kb
5202	regent of	kb
5203	registered	kb
5204	registered at	kb
5205	registered in	kb
5206	registered with	kb
5207	regnal poem of	kb
5208	reigned alone from	kb
5209	reigned as	kb
5210	reigned as high chief of	kb
5211	reigned as the grand prince of	kb
5212	reigned as the prince of	kb
5213	reigned at	kb
5214	reigned between	kb
5215	reigned during	kb
5216	reigned for	kb
5217	reigned from	kb
5218	reigned in	kb
5219	reigned till	kb
5220	reigned until	kb
5221	reigned without dissension in	kb
5222	reigning since	kb
5223	reigning title	kb
5224	reinterred at	kb
5225	reinvented himself as	kb
5226	rejected by	kb
5227	rejoined	kb
5228	related film of	kb
5229	related to	kb
5230	relates to	kb
5231	relations with	kb
5232	relative of	kb
5233	relatives included	kb
5234	relaunched recording career	kb
5235	release title is	kb
5236	release year of	kb
5237	released	kb
5238	released after	kb
5239	released ahead of	kb
5240	released album	kb
5241	released album in	kb
5242	released album named	kb
5243	released album on	kb
5244	released album with	kb
5245	released albums	kb
5246	released albums in	kb
5247	released albums on	kb
5248	released as	kb
5249	released as a single from	kb
5250	released as a single in	kb
5251	released as single from	kb
5252	released as single in	kb
5253	released before	kb
5254	released between	kb
5255	released by	kb
5256	released cover version in	kb
5257	released during	kb
5258	released film in	kb
5259	released film with	kb
5260	released films for	kb
5261	released films in	kb
5262	released first in	kb
5263	released following the end of	kb
5264	released for	kb
5265	released from	kb
5266	released in	kb
5267	released in promotion of	kb
5268	released in support of	kb
5269	released in theaters in	kb
5270	released in theaters on	kb
5271	released on	kb
5272	released on album	kb
5273	released on dvd by	kb
5274	released singles on	kb
5275	released theatrically by	kb
5276	released theatrically in	kb
5277	released through	kb
5278	released to	kb
5279	released two albums with	kb
5280	released two albums without	kb
5281	released under	kb
5282	released under the banner	kb
5283	released under the title	kb
5284	released via	kb
5285	released with	kb
5286	released with the title	kb
5287	released worldwide on	kb
5288	releases music under	kb
5289	relied on	kb
5290	relocated to	kb
5291	remade	kb
5292	remade as	kb
5293	remade by	kb
5294	remade for	kb
5295	remade from	kb
5296	remade in	kb
5297	remade into	kb
5298	remade the story in	kb
5299	remained at	kb
5300	remained chairman of	kb
5301	remained in	kb
5302	remained in england for	kb
5303	remained in the navy until	kb
5304	remained in the service of	kb
5305	remained uncredited in association with	kb
5306	remained under control of	kb
5307	remained with	kb
5308	remains	kb
5309	remains one of	kb
5310	remains popular with	kb
5311	remains were returned to	kb
5312	remains with	kb
5313	remake of	kb
5314	remake produced by	kb
5315	remarried	kb
5316	remarried in	kb
5317	remarried to	kb
5318	remembered as	kb
5319	remembered for	kb
5320	remembered for roles in	kb
5321	reminiscent of	kb
5322	remixed and re released by	kb
5323	remodeled and designed by	kb
5324	remodelled	kb
5325	removed	kb
5326	removed by	kb
5327	removed from	kb
5328	removed from power	kb
5329	removed from the throne by	kb
5330	removed to	kb
5331	renamed as	kb
5332	renamed his country to	kb
5333	renamed in	kb
5334	renamed in honor of	kb
5335	renamed to	kb
5336	rendition of	kb
5337	renounced her royal title and style when she married	kb
5338	renounced rights to the throne of	kb
5339	renovated	kb
5340	renovating	kb
5341	renowned for	kb
5342	renowned in	kb
5343	reorganized	kb
5344	repeated trips to	kb
5345	replaced	kb
5346	replaced by	kb
5347	replaced director by	kb
5348	report	kb
5349	reported	kb
5350	reported about	kb
5351	reported in	kb
5352	reported loss of personnel in action by	kb
5353	reported on	kb
5354	reported to	kb
5355	reports on	kb
5356	representative peer between	kb
5357	representative peer of	kb
5358	represented	kb
5359	represented by	kb
5360	represented country at	kb
5361	represented country in	kb
5362	represented his country at	kb
5363	represented in	kb
5364	represented the peak of	kb
5365	representing	kb
5366	represents	kb
5367	reprised by	kb
5368	reprises actors from	kb
5369	reprises his role as	kb
5370	reprises his role in	kb
5371	reprises role as	kb
5372	repudiated	kb
5373	reputation as	kb
5374	reputed lover of	kb
5375	requested by	kb
5376	requested replicas from	kb
5377	requests	kb
5378	required by	kb
5379	rereleased in	kb
5380	rereleased on	kb
5381	rereleased with	kb
5382	research interests in	kb
5383	researched	kb
5384	researched for	kb
5385	researched in	kb
5386	researched on	kb
5387	resembles	kb
5388	resembling	kb
5389	resented	kb
5390	resided at	kb
5391	resided in	kb
5392	resided primarily in	kb
5393	resides in	kb
5394	resides with	kb
5395	resigned as	kb
5396	resigned as archbishop of medan on	kb
5397	resigned at	kb
5398	resigned commission on	kb
5399	resigned due to	kb
5400	resigned from	kb
5401	resigned in	kb
5402	resigned in favour of	kb
5403	resigned the barony of dalkeith in favour of	kb
5404	resigned the countship to become a monk at	kb
5405	resisted	kb
5406	resolved inconsistencies by	kb
5407	respected with equal honor to	kb
5408	responded to criticism with	kb
5409	response to	kb
5410	responsible for	kb
5411	responsible for bringing	kb
5412	responsible for construction of	kb
5413	responsible for employing	kb
5414	responsible for establishment of	kb
5415	responsible for making	kb
5416	restored	kb
5417	restored by	kb
5418	restored during	kb
5419	restored in	kb
5420	restored the title of	kb
5421	restoring	kb
5422	rests at	kb
5423	resulted from	kb
5424	resulted in	kb
5425	resurrected for	kb
5426	retained lands after	kb
5427	retained seat for	kb
5428	retells events from	kb
5429	retired and moved to	kb
5430	retired as	kb
5431	retired from	kb
5432	retired from films after	kb
5433	retired in	kb
5434	retired to	kb
5435	retired to marry	kb
5436	retired with the rank of	kb
5437	retitled in	kb
5438	retitled to	kb
5439	retreated from	kb
5440	retreated to	kb
5441	retrieves	kb
5442	returned before the cameras as	kb
5443	returned from	kb
5444	returned in	kb
5445	returned to	kb
5446	returned to acting for	kb
5447	returned to be with her son in	kb
5448	returned to french campaign during	kb
5449	returned to join	kb
5450	returned to top 40 with	kb
5451	returned to touring after	kb
5452	returns as	kb
5453	returns home from	kb
5454	reunited	kb
5455	reunited for	kb
5456	reunited with	kb
5457	reused	kb
5458	reused in	kb
5459	revealed	kb
5460	revealed the treachery of	kb
5461	reveals	kb
5462	reviewed	kb
5463	reviewer called	kb
5464	revised	kb
5465	revived	kb
5466	revived in	kb
5467	revived spanish choral works from	kb
5468	revived spanish choral works with	kb
5469	revolted against	kb
5470	revolutionized	kb
5471	revolves around	kb
5472	reworking of	kb
5473	rewrite by	kb
5474	rewriting a horror film for	kb
5475	rewritten by	kb
5476	rewrote	kb
5477	rewrote the text of	kb
5478	rhythm guitarist for	kb
5479	rises to similar heights as	kb
5480	rising to the rank of	kb
5481	risked losing	kb
5482	rival to	kb
5483	rivalry with	kb
5484	rob	kb
5485	rode in	kb
5486	role as	kb
5487	role in	kb
5488	role played by	kb
5489	roles in	kb
5490	roles in film	kb
5491	roles on	kb
5492	romantically pursuing	kb
5493	ronald colman s first	kb
5494	rose to	kb
5495	rose to become	kb
5496	rose to fame at	kb
5497	rose to prominence in	kb
5498	rose to prominence through role in	kb
5499	rose to the kingship when	kb
5500	rose to the rank of	kb
5501	rose to the throne in	kb
5502	rowed in	kb
5503	rower in	kb
5504	ruled	kb
5505	ruled after	kb
5506	ruled alone from	kb
5507	ruled an empire stretching from	kb
5508	ruled an empire stretching to	kb
5509	ruled as	kb
5510	ruled as regents with	kb
5511	ruled at	kb
5512	ruled by	kb
5513	ruled during	kb
5514	ruled for	kb
5515	ruled france as regent for	kb
5516	ruled from	kb
5517	ruled in	kb
5518	ruled in stead of	kb
5519	ruled jointly with	kb
5520	ruled over	kb
5521	ruled since	kb
5522	ruled that	kb
5523	ruled the lands of	kb
5524	ruled the northern half of	kb
5525	ruled the southern half of	kb
5526	ruled through	kb
5527	ruled until	kb
5528	ruled with	kb
5529	ruler of	kb
5530	rules from	kb
5531	run by	kb
5532	run to	kb
5533	running	kb
5534	runs	kb
5535	runs for	kb
5536	runway marked	kb
5537	sacked	kb
5538	said	kb
5539	said in	kb
5540	said inspired by	kb
5541	sailed for	kb
5542	sales of	kb
5543	same as	kb
5544	sampled in	kb
5545	samples	kb
5546	sang	kb
5547	sang a duet with	kb
5548	sang a few songs in	kb
5549	sang a song for the film	kb
5550	sang a song in	kb
5551	sang a song under	kb
5552	sang for	kb
5553	sang in	kb
5554	sang in concerts in	kb
5555	sang in the revival of	kb
5556	sang in works by	kb
5557	sang parts from	kb
5558	sang roles in	kb
5559	sang the role of	kb
5560	sang the song	kb
5561	sang the song with	kb
5562	sang with	kb
5563	sank in	kb
5564	sat in	kb
5565	satire of	kb
5566	save	kb
5567	save from	kb
5568	saved	kb
5569	saw	kb
5570	saw action at	kb
5571	saw action on	kb
5572	saw reaction from	kb
5573	says	kb
5574	scene with	kb
5575	scheduled for	kb
5576	scheduled to be released on	kb
5577	scholar of	kb
5578	school teams were later changed to	kb
5579	school teams were originally called	kb
5580	score composed by	kb
5581	score written by	kb
5582	scored	kb
5583	scored by	kb
5584	scored hit in	kb
5585	scored hit songs like	kb
5586	scored hit with	kb
5587	scored hits in	kb
5588	scores films using	kb
5589	screen debuts of	kb
5590	screened	kb
5591	screened at	kb
5592	screened in	kb
5593	screened on	kb
5594	screenplay adapted by	kb
5595	screenplay adapted from	kb
5596	screenplay by	kb
5597	screenplay co written by	kb
5598	screenplay for	kb
5599	screenplay won	kb
5600	screenplay written by	kb
5601	screenwriter of	kb
5602	script by	kb
5603	script was written by	kb
5604	script written by	kb
5605	script written for	kb
5606	scripted	kb
5607	scripted and directed by	kb
5608	scripted by	kb
5609	scripted from	kb
5610	sculptures cost up to	kb
5611	sculptures take	kb
5612	searching for	kb
5613	seattle international film festival	kb
5614	second husband	kb
5615	second installment in	kb
5616	second of	kb
5617	second single from	kb
5618	second wife of	kb
5619	secured control of	kb
5620	secured marriages for	kb
5621	secured under	kb
5622	seduces	kb
5623	see the main article on	kb
5624	seek	kb
5625	seeking funding to	kb
5626	seeking to pen	kb
5627	seeks to deprive	kb
5628	seen as a link in the chain of prophets culminating in	kb
5629	seen as a link in the chain of prophets with	kb
5630	seen at	kb
5631	seen in	kb
5632	seen on	kb
5633	seigneur de	kb
5634	seized	kb
5635	seized and confiscated in	kb
5636	seized and confiscated under	kb
5637	seized from	kb
5638	seized power from	kb
5639	selected	kb
5640	selected as	kb
5641	selected as king in	kb
5642	selected at	kb
5643	selected by	kb
5644	selected for	kb
5645	selected for preservation in	kb
5646	selected in	kb
5647	selected the part with the castle	kb
5648	selected to	kb
5649	selected to compete at	kb
5650	selected to compete for	kb
5651	selected to compete in	kb
5652	selected to sing	kb
5653	selected zac dysert in	kb
5654	selling over	kb
5655	sells	kb
5656	sends	kb
5657	sends out	kb
5658	sent	kb
5659	sent a letter to	kb
5660	sent an embassy under	kb
5661	sent by	kb
5662	sent his early poems to	kb
5663	sent into	kb
5664	sent into exile to	kb
5665	sent letters of acceptance to	kb
5666	sent support to	kb
5667	sent to	kb
5668	sent to prison in	kb
5669	sent various presents to	kb
5670	sentenced to	kb
5671	separated from	kb
5672	sequel	kb
5673	sequel announced in	kb
5674	sequel of	kb
5675	sequel scheduled to be released on	kb
5676	sequel titled	kb
5677	sequel to	kb
5678	sequels include	kb
5679	serialized on	kb
5680	serials by	kb
5681	series produced by	kb
5682	served	kb
5683	served as	kb
5684	served as a broadcaster with	kb
5685	served as a captain in	kb
5686	served as a member of	kb
5687	served as advisor on	kb
5688	served as ambassador from	kb
5689	served as ambassador of	kb
5690	served as ambassador to	kb
5691	served as ambassador until	kb
5692	served as an officer in	kb
5693	served as artistic director of	kb
5694	served as bishop of jerusalem in	kb
5695	served as bishop of sodor and man from	kb
5696	served as bishop of sodor and man until	kb
5697	served as chairman of	kb
5698	served as chairman of the council of	kb
5699	served as chief of police and public security in	kb
5700	served as co chair of	kb
5701	served as constable of the tower from	kb
5702	served as deputy chairman of	kb
5703	served as director of naval intelligence on	kb
5704	served as editor of	kb
5705	served as executive officer of	kb
5706	served as executive producer for	kb
5707	served as godmother to	kb
5708	served as governor of new hampshire from	kb
5709	served as house band at	kb
5710	served as lord lieutenant of cambridgeshire from	kb
5711	served as lord lieutenant of cambridgeshire until	kb
5712	served as mayor for	kb
5713	served as mayor of	kb
5714	served as mayor of new york in	kb
5715	served as mayor of new york until	kb
5716	served as member of	kb
5717	served as member of the university council of	kb
5718	served as minister in charge of	kb
5719	served as national senator in	kb
5720	served as prefect of	kb
5721	served as president from	kb
5722	served as president of	kb
5723	served as president until	kb
5724	served as regent for	kb
5725	served as secretary of the soviet delegation at	kb
5726	served as secretary to the board of	kb
5727	served as the first editor of	kb
5728	served as the home of	kb
5729	served as vice mayor for	kb
5730	served as viceroy from	kb
5731	served as viceroy until	kb
5732	served at	kb
5733	served between	kb
5734	served by	kb
5735	served during	kb
5736	served during the reign of	kb
5737	served during the rule of	kb
5738	served for	kb
5739	served from	kb
5740	served in	kb
5741	served in the expedition led by	kb
5742	served on	kb
5743	served on board of directors of	kb
5744	served on the boards of	kb
5745	served on the staff of	kb
5746	served over	kb
5747	served overseas during	kb
5748	served since	kb
5749	served under	kb
5750	served until	kb
5751	served with	kb
5752	served with distinction throughout	kb
5753	serves	kb
5754	serves as	kb
5755	serves in	kb
5756	serves in the government of	kb
5757	serviced by	kb
5758	serving as	kb
5759	serving since	kb
5760	serving under	kb
5761	set	kb
5762	set a record as	kb
5763	set against	kb
5764	set against the backdrop of	kb
5765	set and filmed in	kb
5766	set at	kb
5767	set designed for	kb
5768	set during	kb
5769	set in	kb
5770	set on	kb
5771	set the story in	kb
5772	set to	kb
5773	set to direct	kb
5774	set up	kb
5775	set up factory in	kb
5776	set up instruments on	kb
5777	set up practice at	kb
5778	sets designed by	kb
5779	sets her sights on	kb
5780	setting for	kb
5781	settled	kb
5782	settled at	kb
5783	settled in	kb
5784	seventh film in	kb
5785	shared	kb
5786	shared a flat with	kb
5787	shared border with	kb
5788	shared credits with	kb
5789	shared design with	kb
5790	shares an ancestor with	kb
5791	shares building with	kb
5792	shares name with	kb
5793	shares screenplay credit with	kb
5794	shares similarities with	kb
5795	sheltering	kb
5796	shepherded the early career of	kb
5797	shipped to	kb
5798	shorter than	kb
5799	shortlisted by	kb
5800	shortlisted for	kb
5801	shot	kb
5802	shot at	kb
5803	shot between	kb
5804	shot by	kb
5805	shot entirely on location	kb
5806	shot films during	kb
5807	shot in	kb
5808	shot on	kb
5809	shot on location in	kb
5810	shot partly in	kb
5811	shot primarily in	kb
5812	shot primarily on location in	kb
5813	shot the film in	kb
5814	shot the film on	kb
5815	shot using	kb
5816	showcased	kb
5817	showcased at	kb
5818	showcased in	kb
5819	showcases trials of	kb
5820	showcasing	kb
5821	showed	kb
5822	showed faith in	kb
5823	showed up to	kb
5824	shown at	kb
5825	shown chapter by chapter by	kb
5826	shown in	kb
5827	shown on	kb
5828	shown publicly in	kb
5829	shown theatrically in	kb
5830	shown with	kb
5831	shows	kb
5832	shows the stories of	kb
5833	sibling of	kb
5834	sided with	kb
5835	signed	kb
5836	signed a contract with	kb
5837	signed a deal with	kb
5838	signed a record deal with	kb
5839	signed at	kb
5840	signed by	kb
5841	signed contract with	kb
5842	signed in	kb
5843	signed to	kb
5844	signed with	kb
5845	significantly older than	kb
5846	similar in style to	kb
5847	simulcasted with	kb
5848	since	kb
5849	singer for	kb
5850	singer guitarist for	kb
5851	singer of	kb
5852	singing lead vocals for	kb
5853	singles	kb
5854	singles included	kb
5855	sings	kb
5856	sings about	kb
5857	sings compositions of	kb
5858	sister in law is	kb
5859	sister in law of	kb
5860	sister of	kb
5861	sister was	kb
5862	site lies in	kb
5863	sits as	kb
5864	situated between	kb
5865	situated east of	kb
5866	situated in	kb
5867	situated near	kb
5868	situated north of	kb
5869	situated on	kb
5870	situated on the border between	kb
5871	sixth longest running outdoor drama in	kb
5872	slain at	kb
5873	slain in	kb
5874	slashed	kb
5875	smallest russian governorate by	kb
5876	sold	kb
5877	sold estate in	kb
5878	sold for	kb
5879	sold land to	kb
5880	sold more than	kb
5881	sold over	kb
5882	sold painting to	kb
5883	sold to	kb
5884	solidified status as	kb
5885	solved	kb
5886	son	kb
5887	son in law of	kb
5888	son is	kb
5889	son of	kb
5890	son was	kb
5891	songs ranked on	kb
5892	sons are	kb
5893	sought matrimonial alliance with	kb
5894	sought to expand	kb
5895	sought unification of principalities of	kb
5896	sound track scored by	kb
5897	soundtrack composed by	kb
5898	soundtracks feature music by	kb
5899	sourced from	kb
5900	southwest of	kb
5901	spanish entry at	kb
5902	spanish title	kb
5903	spanned from	kb
5904	spanned the reigns of	kb
5905	spanning across	kb
5906	spawned	kb
5907	spawned singles including	kb
5908	speaker of	kb
5909	speaks	kb
5910	special effects handled by	kb
5911	specialised in	kb
5912	specialised in covering	kb
5913	specialises in	kb
5914	specialising in	kb
5915	specialist in	kb
5916	specialized in	kb
5917	specializes in	kb
5918	specializing in	kb
5919	speculates that	kb
5920	speculates that osthryth and oshere were suspected of trying to detach the kingdom of	kb
5921	spelled as	kb
5922	spend	kb
5923	spent	kb
5924	spent a winter in	kb
5925	spent career campaigning in	kb
5926	spent childhood at	kb
5927	spent childhood in	kb
5928	spent final years of his life in	kb
5929	spent four years at	kb
5930	spent last years of her life in	kb
5931	spent life in	kb
5932	spent military service with	kb
5933	spent most of his life in	kb
5934	spent much of his time in	kb
5935	spent professional career in	kb
5936	spent time at	kb
5937	spent time in	kb
5938	spent two weeks at number	kb
5939	spent weeks on	kb
5940	spent years at the court of	kb
5941	spent youth in	kb
5942	spin off from	kb
5943	spin off is	kb
5944	split in	kb
5945	spoke	kb
5946	spoke after death of	kb
5947	spoken in	kb
5948	sponsored and patronized	kb
5949	sponsored by	kb
5950	sponsored the renovation of	kb
5951	sponsors	kb
5952	spoof of	kb
5953	spoofed in	kb
5954	spoofed the title of	kb
5955	spoofs	kb
5956	spouse of	kb
5957	spun off from	kb
5958	spurred	kb
5959	stands for	kb
5960	stands to become pretender to	kb
5961	star of	kb
5962	star on	kb
5963	starred	kb
5964	starred alongside	kb
5965	starred as	kb
5966	starred in	kb
5967	starred with	kb
5968	starring	kb
5969	stars	kb
5970	stars as	kb
5971	stars in	kb
5972	stars of	kb
5973	start happening to	kb
5974	started	kb
5975	started a campaign to retake power in	kb
5976	started acting in	kb
5977	started as	kb
5978	started business in	kb
5979	started by	kb
5980	started career as	kb
5981	started career in	kb
5982	started career with	kb
5983	started directing from	kb
5984	started filming	kb
5985	started his career in	kb
5986	started in	kb
5987	started operations in	kb
5988	started political activity as	kb
5989	started practising	kb
5990	started the construction of	kb
5991	started to sculpt at	kb
5992	started up	kb
5993	started with	kb
5994	started working in	kb
5995	stated	kb
5996	stated intent to marry	kb
5997	stated that	kb
5998	stated that he has been playing poker every day for	kb
5999	states	kb
6000	stationed in	kb
6001	stayed at	kb
6002	stays with	kb
6003	stepdaughter of	kb
6004	stepfather of	kb
6005	stepmother is	kb
6006	stepmother of	kb
6007	stepped down in	kb
6008	stepson of	kb
6009	stipulated	kb
6010	stood as the candidate for	kb
6011	stood at the head of	kb
6012	stood by	kb
6013	stood for	kb
6014	stopped	kb
6015	stopped directing at	kb
6016	stormed	kb
6017	story by	kb
6018	story composed as a result of tensions between	kb
6019	story composed in	kb
6020	story of	kb
6021	story set in	kb
6022	story titled	kb
6023	strengthened	kb
6024	strengthened by	kb
6025	strengthened position of	kb
6026	stresses	kb
6027	stretched empire from	kb
6028	stretching back to	kb
6029	striped horizontally in	kb
6030	strives to give donations through	kb
6031	strives to solve	kb
6032	struck by	kb
6033	structured	kb
6034	struggled against	kb
6035	struggled to conquer	kb
6036	struggled with	kb
6037	struggles to find	kb
6038	struggles with	kb
6039	struggling to stay faithful under	kb
6040	studied	kb
6041	studied at	kb
6042	studied in	kb
6043	studied in the class of	kb
6044	studied music in	kb
6045	studied singing under	kb
6046	studied the works of	kb
6047	studied to become	kb
6048	studied under	kb
6049	studied with	kb
6050	stumped for	kb
6051	styled	kb
6052	styled as	kb
6053	styled from	kb
6054	styled herself as	kb
6055	styled himself	kb
6056	styled himself as	kb
6057	subject of	kb
6058	subject of a violent attack by	kb
6059	subjected	kb
6060	submission to	kb
6061	submitted	kb
6062	submitted to	kb
6063	subtitled	kb
6064	succeeded	kb
6065	succeeded as	kb
6066	succeeded as earl by	kb
6067	succeeded as earl of strathmore after	kb
6068	succeeded by	kb
6069	succeeded his father as	kb
6070	succeeded his father in	kb
6071	succeeded in	kb
6072	succeeded in placing	kb
6073	succeeded on	kb
6074	succeeded on the death of	kb
6075	succeeded to	kb
6076	succeeded to chiefship of	kb
6077	succeeded to the throne in	kb
6078	succeeded to the throne on	kb
6079	succeeded to the title in	kb
6080	succeeded to the title of	kb
6081	succeeded to title at the age of	kb
6082	succeeded to title on	kb
6083	succeeds	kb
6084	success at	kb
6085	successful as	kb
6086	successful in	kb
6087	sued	kb
6088	suffect consul in	kb
6089	suffered	kb
6090	suffered a stroke on	kb
6091	suffered from	kb
6092	suffered poor health in	kb
6093	suffered stillbirths in	kb
6094	suggested	kb
6095	suggested decisive action to	kb
6096	suggested to	kb
6097	suggests artistic style of	kb
6098	suggests that osthryth s murder may have been revenge for	kb
6099	summoned	kb
6100	summoned by writ to	kb
6101	summoned to	kb
6102	sung at the end of the film by	kb
6103	sung by	kb
6104	sung in the film by	kb
6105	sung to	kb
6106	supervised	kb
6107	supplements	kb
6108	supplied by	kb
6109	supported	kb
6110	supported by	kb
6111	supporter of	kb
6112	supporting cast includes	kb
6113	supports	kb
6114	supposed to marry	kb
6115	supposed to write	kb
6116	suppressed	kb
6117	surfaced in	kb
6118	surpassed	kb
6119	surrendered and sold	kb
6120	surrendered to	kb
6121	surrounded	kb
6122	surrounded by	kb
6123	surrounds	kb
6124	survived	kb
6125	survived by	kb
6126	survived the demos for	kb
6127	survives as	kb
6128	survives at	kb
6129	survives in	kb
6130	swam at	kb
6131	swept	kb
6132	swept onto	kb
6133	swimming in	kb
6134	switched to working in	kb
6135	switches to	kb
6136	sworn fealty to	kb
6137	sworn in as	kb
6138	symbolizes	kb
6139	synchronises reign of	kb
6140	synchronises reign with	kb
6141	syndicated as	kb
6142	syndicated to television by	kb
6143	synthesized	kb
6144	tackles the issue of	kb
6145	taken captive by	kb
6146	taken commissions for	kb
6147	taken from	kb
6148	taken from album	kb
6149	taken over by	kb
6150	taken prisoner by	kb
6151	taken the name	kb
6152	takes	kb
6153	takes audiences on	kb
6154	takes its name from	kb
6155	takes place after	kb
6156	takes place in	kb
6157	talks about	kb
6158	tangled with	kb
6159	taps	kb
6160	targeted	kb
6161	tasked with	kb
6162	taught	kb
6163	taught at	kb
6164	taught by	kb
6165	taught in	kb
6166	taught school in	kb
6167	teacher of	kb
6168	teaches	kb
6169	teaches at	kb
6170	teaching at	kb
6171	teamed at	kb
6172	teamed for	kb
6173	teamed up with	kb
6174	teamed with	kb
6175	teammate of	kb
6176	teams up with	kb
6177	televised by	kb
6178	televised in	kb
6179	television credits include	kb
6180	television serial	kb
6181	television series	kb
6182	tells	kb
6183	tells of	kb
6184	tells the story from the point of view of	kb
6185	tells the story of	kb
6186	tenure as	kb
6187	terrorizes	kb
6188	tested in	kb
6189	testified to	kb
6190	the orl anist claimant to	kb
6191	the time of your life	kb
6192	theatrical release by	kb
6193	theatrical release in	kb
6194	theatrical release on	kb
6195	theatrically released in	kb
6196	theatrically released on	kb
6197	theme focuses on	kb
6198	theme of	kb
6199	theme song for	kb
6200	themed around	kb
6201	theorist followed by	kb
6202	third film in	kb
6203	third film released on	kb
6204	third installment of	kb
6205	third son of	kb
6206	threatened by	kb
6207	threatened lawsuit from	kb
6208	threatened to pass	kb
6209	threatening	kb
6210	threatens	kb
6211	threats to bombard	kb
6212	threw himself at	kb
6213	throne heir presumptive in	kb
6214	through	kb
6215	thwarted	kb
6216	tied for	kb
6217	tied for first place with	kb
6218	tied with	kb
6219	tied world records in	kb
6220	title	kb
6221	title character played by	kb
6222	title comes from	kb
6223	title derived from	kb
6224	title held by	kb
6225	title of	kb
6226	title song performed by	kb
6227	title song sung by	kb
6228	title song written by	kb
6229	title track from	kb
6230	titled	kb
6231	titled as	kb
6232	titled in	kb
6233	titled in us as	kb
6234	titled to avoid confusion with	kb
6235	titles included	kb
6236	titles passed to	kb
6237	titles were	kb
6238	titular empress of	kb
6239	to	kb
6240	to be produced by	kb
6241	to be released by	kb
6242	to be released in	kb
6243	to market	kb
6244	to spread out and inhabit	kb
6245	told	kb
6246	told morgan about	kb
6247	tomb discovered on	kb
6248	took	kb
6249	took 20th in	kb
6250	took 2nd at	kb
6251	took 3rd in	kb
6252	took 4th in	kb
6253	took 7th in	kb
6254	took 9th at	kb
6255	took a doctorate at	kb
6256	took a similar post at	kb
6257	took acting roles in	kb
6258	took charge of	kb
6259	took classes at	kb
6260	took control of	kb
6261	took effect on	kb
6262	took her work to	kb
6263	took life of	kb
6264	took office in	kb
6265	took on the family name of	kb
6266	took over	kb
6267	took over from	kb
6268	took over guardianship for	kb
6269	took over rule of	kb
6270	took over the character from	kb
6271	took over the government of	kb
6272	took over the role from	kb
6273	took over the role of	kb
6274	took part in	kb
6275	took part in arrest of	kb
6276	took part in exhibitions in	kb
6277	took part in exhibitions with	kb
6278	took piano lessons in	kb
6279	took place at	kb
6280	took place during	kb
6281	took place from	kb
6282	took place in	kb
6283	took place on	kb
6284	took refuge in	kb
6285	took refuge with	kb
6286	took role in	kb
6287	took seat after	kb
6288	took seat in	kb
6289	took the name	kb
6290	took the name of	kb
6291	took the regency of	kb
6292	took the throne after	kb
6293	took the throne in	kb
6294	took the title of	kb
6295	took up	kb
6296	took up arms against	kb
6297	took up football at	kb
6298	took up writing	kb
6299	took vows at	kb
6300	topped	kb
6301	topped the charts in	kb
6302	total live tournament winnings exceed	kb
6303	touched down close to	kb
6304	touched down on	kb
6305	touches on	kb
6306	toured	kb
6307	toured across	kb
6308	toured and recorded with	kb
6309	toured in	kb
6310	toured on	kb
6311	toured tracks in	kb
6312	toured with	kb
6313	touring version	kb
6314	tours with	kb
6315	traced descent to	kb
6316	traces the political rise of	kb
6317	traded on	kb
6318	traded with	kb
6319	traditions broken by	kb
6320	trailer released on	kb
6321	trained	kb
6322	trained at	kb
6323	trained by	kb
6324	trained in	kb
6325	trained with	kb
6326	trains	kb
6327	transferred	kb
6328	transferred leadership to	kb
6329	transferred to	kb
6330	transformed into	kb
6331	transitioned to	kb
6332	translated	kb
6333	translated as	kb
6334	translated by	kb
6335	translated during	kb
6336	translated for	kb
6337	translated from	kb
6338	translated into	kb
6339	translated into english as	kb
6340	translated works from	kb
6341	translates as	kb
6342	translates to	kb
6343	transliterated as	kb
6344	transmitted by	kb
6345	traveled in	kb
6346	traveled throughout	kb
6347	traveled to	kb
6348	traveled with	kb
6349	traveling from	kb
6350	traveling to	kb
6351	traveling towards	kb
6352	travelled abroad in	kb
6353	travelled to	kb
6354	travels to	kb
6355	tributary of	kb
6356	tribute to	kb
6357	tried to build up	kb
6358	tried to hold on to	kb
6359	tried to install	kb
6360	tried to reduce influence of	kb
6361	triggered	kb
6362	try to pry information out of	kb
6363	trying to get	kb
6364	trying to track down	kb
6365	tsarevna of	kb
6366	turned	kb
6367	turned back at	kb
6368	turned down	kb
6369	turned film producer with	kb
6370	turned into	kb
6371	turned over	kb
6372	turned their support to	kb
6373	turned to	kb
6374	tutored by	kb
6375	tweaked	kb
6376	twelfth installment in	kb
6377	twin brother of	kb
6378	twin of	kb
6379	twin to	kb
6380	type	kb
6381	typecasting by	kb
6382	u s  title is	kb
6383	uk title	kb
6384	unable to make transition to	kb
6385	uncle is	kb
6386	uncle of	kb
6387	under	kb
6388	under contract to	kb
6389	under contract with	kb
6390	under control of	kb
6391	under investigation by	kb
6392	under the	kb
6393	under the banner	kb
6394	under the banner of	kb
6395	under the jurisdiction of	kb
6396	undergoes	kb
6397	undermines	kb
6398	underperformed in	kb
6399	undertook	kb
6400	undertook building work for	kb
6401	undertook the siege of	kb
6402	underwent	kb
6403	underwent reevaluation since	kb
6404	united	kb
6405	united pomerania through marriage with	kb
6406	unlocks	kb
6407	unofficial slogan is	kb
6408	unrelated to	kb
6409	unreleased until	kb
6410	unsuccessfully claimed	kb
6411	until	kb
6412	until the advent of	kb
6413	unveiled at	kb
6414	unveiled for the first time on the screen	kb
6415	updated in	kb
6416	urged	kb
6417	urges	kb
6418	urging to record religion as	kb
6419	us title is	kb
6420	use	kb
6421	used	kb
6422	used as	kb
6423	used as basis for	kb
6424	used by	kb
6425	used for	kb
6426	used for service in	kb
6427	used in	kb
6428	used in advertisements for	kb
6429	used names in the order	kb
6430	used on	kb
6431	used plot elements from	kb
6432	used plot elements in	kb
6433	used pseudonym	kb
6434	used sample from	kb
6435	used talent from	kb
6436	used the name	kb
6437	used the pen name	kb
6438	used the pseudonym	kb
6439	used the song in	kb
6440	used the titles of	kb
6441	used to package	kb
6442	used to sell	kb
6443	used worship style to birth	kb
6444	uses	kb
6445	uses beat from	kb
6446	uses photographs of the affair to blackmail	kb
6447	using	kb
6448	using black magic to bewitch	kb
6449	using its experience to work with	kb
6450	usual signature was	kb
6451	usurped all the power from	kb
6452	usurped by	kb
6453	utilized	kb
6454	utilizes genres including	kb
6455	valued at	kb
6456	vassal of	kb
6457	venerated as	kb
6458	venerated on	kb
6459	ventured into acting in	kb
6460	version of	kb
6461	version of the song	kb
6462	vested in	kb
6463	vested with	kb
6464	veteran of	kb
6465	via	kb
6466	viable commercial option in	kb
6467	vicar general of	kb
6468	vice chairman of	kb
6469	viceroy of	kb
6470	victim of	kb
6471	victory in	kb
6472	video of	kb
6473	viewed	kb
6474	viewed by	kb
6475	viewers could see on	kb
6476	vilified on	kb
6477	violated	kb
6478	viscount of	kb
6479	visible from	kb
6480	visited	kb
6481	visited by	kb
6482	visits	kb
6483	visual effects handled by	kb
6484	vogt of	kb
6485	voice compared with	kb
6486	voiced	kb
6487	voiced by	kb
6488	voiced in	kb
6489	voivode of	kb
6490	volunteers for	kb
6491	voted	kb
6492	voted as	kb
6493	voted by	kb
6494	voted in	kb
6495	voted in support of	kb
6496	voted to expel	kb
6497	voting with	kb
6498	vows to lead	kb
6499	wanders in	kb
6500	wanted	kb
6501	wanted to conquer	kb
6502	wants to become	kb
6503	war against	kb
6504	warned	kb
6505	warranted by	kb
6506	warred with	kb
6507	was	kb
6508	was a	kb
6509	was a bishop in	kb
6510	was a brigadier in	kb
6511	was a businessperson in	kb
6512	was a cadet of	kb
6513	was a campaign of	kb
6514	was a candidate in	kb
6515	was a candidate on	kb
6516	was a captain in	kb
6517	was a career officer in	kb
6518	was a chief executive officer of	kb
6519	was a child when	kb
6520	was a collaboration with	kb
6521	was a consort of	kb
6522	was a count of	kb
6523	was a countess zamoyska through marriage to	kb
6524	was a cousin of	kb
6525	was a cricket player for	kb
6526	was a critical and commercial flop in	kb
6527	was a curate at	kb
6528	was a daughter of	kb
6529	was a delegate to	kb
6530	was a descendant of	kb
6531	was a devoted	kb
6532	was a diner at	kb
6533	was a diplomat in	kb
6534	was a drummer for	kb
6535	was a film director in	kb
6536	was a film editor in	kb
6537	was a film producer in	kb
6538	was a finalist for	kb
6539	was a financier in	kb
6540	was a first cousin of	kb
6541	was a fixture in newspapers such as	kb
6542	was a founder of	kb
6543	was a founding member of	kb
6544	was a friend of	kb
6545	was a fugitive since	kb
6546	was a general of	kb
6547	was a german from	kb
6548	was a ghibelline during	kb
6549	was a grandson of	kb
6550	was a granduncle to	kb
6551	was a great grandfather to	kb
6552	was a great nephew of	kb
6553	was a guelph during	kb
6554	was a hit for	kb
6555	was a hit in	kb
6556	was a judge on	kb
6557	was a jury member at	kb
6558	was a justice of the peace for	kb
6559	was a king in	kb
6560	was a king of	kb
6561	was a lady of the bedchamber to	kb
6562	was a lawyer for	kb
6563	was a leader in	kb
6564	was a leader of	kb
6565	was a leading soprano at	kb
6566	was a lifelong contributor to	kb
6567	was a magnate in service to	kb
6568	was a maker of	kb
6569	was a maternal descendant of	kb
6570	was a member of	kb
6571	was a member of parliament for	kb
6572	was a military engagement of	kb
6573	was a mistress of	kb
6574	was a movement in	kb
6575	was a native of	kb
6576	was a nephew of	kb
6577	was a noble of	kb
6578	was a nobleman in	kb
6579	was a painter of	kb
6580	was a partner in	kb
6581	was a patron of	kb
6582	was a player in	kb
6583	was a poet and playwright in	kb
6584	was a political figure in	kb
6585	was a politician in	kb
6586	was a prelate of	kb
6587	was a previous king of	kb
6588	was a priest in	kb
6589	was a prince elector of	kb
6590	was a prince of	kb
6591	was a princess of	kb
6592	was a producer in	kb
6593	was a producer on	kb
6594	was a professor at	kb
6595	was a protectorate within	kb
6596	was a pupil of	kb
6597	was a remake of	kb
6598	was a representative peer of	kb
6599	was a rival to	kb
6600	was a role model for	kb
6601	was a royal princess of	kb
6602	was a ruler of	kb
6603	was a sculptor in	kb
6604	was a section chief in	kb
6605	was a separate commune until	kb
6606	was a singer in	kb
6607	was a son of	kb
6608	was a spanish	kb
6609	was a specialist of	kb
6610	was a student of	kb
6611	was a supporter of	kb
6612	was a swimmer who won the national title in	kb
6613	was a teacher of	kb
6614	was a unit of	kb
6615	was a victim of	kb
6616	was a vocal opponent of	kb
6617	was able to capture	kb
6618	was about	kb
6619	was absent in	kb
6620	was acclaimed by	kb
6621	was acclaimed to	kb
6622	was accused of high treason in	kb
6623	was acquainted with	kb
6624	was acquired by	kb
6625	was acquitted on appeal to	kb
6626	was active during	kb
6627	was active from	kb
6628	was active in	kb
6629	was active in cinema in	kb
6630	was active mainly in	kb
6631	was active near	kb
6632	was active until	kb
6633	was adapted by	kb
6634	was adapted in tamil as	kb
6635	was adapted into	kb
6636	was adapted into a film by	kb
6637	was adapted into a film with the title	kb
6638	was administrator of	kb
6639	was admired by	kb
6640	was admitted to	kb
6641	was adopted by	kb
6642	was adopted in	kb
6643	was advised by	kb
6644	was adviser under	kb
6645	was advisor in chief of	kb
6646	was advisor of	kb
6647	was affected by	kb
6648	was affiliated with	kb
6649	was against	kb
6650	was aged	kb
6651	was alive when	kb
6652	was allodial heiress of	kb
6653	was allowed to enter combat and was sent to join	kb
6654	was ally of	kb
6655	was also	kb
6656	was also called	kb
6657	was also known as	kb
6658	was ambassador to	kb
6659	was among founders of	kb
6660	was an	kb
6661	was an academician of	kb
6662	was an agent of	kb
6663	was an alumnus of	kb
6664	was an associate member of	kb
6665	was an attempt to break into	kb
6666	was an author of books on	kb
6667	was an editor of	kb
6668	was an employee of	kb
6669	was an expert in	kb
6670	was an im m of	kb
6671	was an officer of	kb
6672	was an uncle of	kb
6673	was ancestor of	kb
6674	was annexed by	kb
6675	was appointed	kb
6676	was appointed as	kb
6677	was appointed from	kb
6678	was appointed governor of	kb
6679	was appointed in	kb
6680	was appointed president of	kb
6681	was appointed professor at	kb
6682	was appointed professor from	kb
6683	was appointed professor until	kb
6684	was appointed regent for	kb
6685	was appointed regent until the restoration of	kb
6686	was appointed until	kb
6687	was appreciated for	kb
6688	was approved by	kb
6689	was archbishop of	kb
6690	was army commander for	kb
6691	was arrested and executed during	kb
6692	was artistic director of	kb
6693	was assassinated by	kb
6694	was assassinated in	kb
6695	was assassinated on	kb
6696	was assistant director on	kb
6697	was assistant editor of	kb
6698	was assistant to	kb
6699	was associate editor of	kb
6700	was associated with	kb
6701	was at	kb
6702	was at a party in	kb
6703	was attacked by	kb
6704	was attacked for producing	kb
6705	was attended by	kb
6706	was aunt by marriage of	kb
6707	was authority on	kb
6708	was autobiographical for	kb
6709	was awarded	kb
6710	was awarded by	kb
6711	was awarded the title of	kb
6712	was awarded with	kb
6713	was away from	kb
6714	was back at	kb
6715	was banned by	kb
6716	was banned for being	kb
6717	was banned in	kb
6718	was baptised in	kb
6719	was baptized on	kb
6720	was based in	kb
6721	was based on	kb
6722	was basis for	kb
6723	was beaten by	kb
6724	was besieged by	kb
6725	was best known for	kb
6726	was bestowed with the title	kb
6727	was between	kb
6728	was bishop of	kb
6729	was born as	kb
6730	was born at	kb
6731	was born before	kb
6732	was born in	kb
6733	was born into	kb
6734	was born on	kb
6735	was born to	kb
6736	was born to parents from	kb
6737	was boss of	kb
6738	was briefly married to	kb
6739	was broadcast in	kb
6740	was brother in law of	kb
6741	was brother of	kb
6742	was brought up as	kb
6743	was brought up at	kb
6744	was brought up in	kb
6745	was buried at	kb
6746	was buried in	kb
6747	was buried near	kb
6748	was buried on	kb
6749	was buried with honors by	kb
6750	was caliph of	kb
6751	was called	kb
6752	was called by	kb
6753	was called to	kb
6754	was called to the bar at	kb
6755	was canadian director of naval intelligence during	kb
6756	was candidate for	kb
6757	was captured and sent to	kb
6758	was captured in	kb
6759	was cardinal nominated by	kb
6760	was cared for by	kb
6761	was cast as	kb
6762	was cast for	kb
6763	was cast in	kb
6764	was ceo of	kb
6765	was chairman of	kb
6766	was chairman of the board of directors of	kb
6767	was champion for	kb
6768	was champion in	kb
6769	was champion of	kb
6770	was chancellor of	kb
6771	was chess player in	kb
6772	was chief editor from	kb
6773	was chief editor of	kb
6774	was chief minister of	kb
6775	was chief nurse of	kb
6776	was chief of	kb
6777	was chief of state of	kb
6778	was chief queen of	kb
6779	was chief under	kb
6780	was chiefly active in	kb
6781	was child of	kb
6782	was chosen to succeed	kb
6783	was cinematographer for	kb
6784	was cinematographer on	kb
6785	was cited in	kb
6786	was close associate of	kb
6787	was close to	kb
6788	was co directed by	kb
6789	was co edited by	kb
6790	was co founded by	kb
6791	was co founded in	kb
6792	was co founded in response to	kb
6793	was co head of state with	kb
6794	was co ruler with	kb
6795	was co translated by	kb
6796	was coached by	kb
6797	was colonel of	kb
6798	was commanded by	kb
6799	was commander of	kb
6800	was commercially successful in	kb
6801	was commissioned by	kb
6802	was commissioned for	kb
6803	was commissioned in	kb
6804	was commissioned into	kb
6805	was commissioner for	kb
6806	was compelled to withdraw from	kb
6807	was compensated with	kb
6808	was completed in	kb
6809	was composer of	kb
6810	was conceived with the name	kb
6811	was condemned to death in the fall of	kb
6812	was conferred with the title	kb
6813	was confirmed by	kb
6814	was conquered by	kb
6815	was consecrated bishop at	kb
6816	was considered	kb
6817	was consort duke of	kb
6818	was consort marquis of	kb
6819	was consort of	kb
6820	was constable of	kb
6821	was contemporary of	kb
6822	was contestant on	kb
6823	was controlled by	kb
6824	was convicted for	kb
6825	was convicted for advocating violence against	kb
6826	was convicted in	kb
6827	was convicted of	kb
6828	was correspondent for	kb
6829	was count of	kb
6830	was count palatine of	kb
6831	was countess of	kb
6832	was court musician of	kb
6833	was courtier of	kb
6834	was cousin of	kb
6835	was cousin once removed to	kb
6836	was cousin to	kb
6837	was created	kb
6838	was created between	kb
6839	was created by	kb
6840	was created duke of newcastle in	kb
6841	was created in	kb
6842	was created in memory of	kb
6843	was creative head and executive producer at	kb
6844	was credited as	kb
6845	was critic of	kb
6846	was critical of	kb
6847	was criticized for	kb
6848	was crowned	kb
6849	was crowned by	kb
6850	was damaged by	kb
6851	was daughter of	kb
6852	was dauphine of	kb
6853	was dean of	kb
6854	was decisive in	kb
6855	was deemed a threat to	kb
6856	was defeated at	kb
6857	was defeated by	kb
6858	was defeated in	kb
6859	was denounced as	kb
6860	was deposed after	kb
6861	was deposed by	kb
6862	was deposed during	kb
6863	was deposed in	kb
6864	was deposed on grounds of	kb
6865	was descendant of	kb
6866	was described as	kb
6867	was described by	kb
6868	was designated as	kb
6869	was designed by	kb
6870	was designed in	kb
6871	was detained at	kb
6872	was detained in	kb
6873	was devastated by	kb
6874	was developed by	kb
6875	was directed by	kb
6876	was directed in	kb
6877	was director after	kb
6878	was director general of	kb
6879	was director of	kb
6880	was discharged from	kb
6881	was discovered at	kb
6882	was displaced by	kb
6883	was distributed by	kb
6884	was distributed in	kb
6885	was distributed through	kb
6886	was distributed with	kb
6887	was divided between	kb
6888	was divided into	kb
6889	was drawn by	kb
6890	was dropped on	kb
6891	was dubbed	kb
6892	was duchess consort of	kb
6893	was duchess of	kb
6894	was duke from	kb
6895	was duke of	kb
6896	was duke until	kb
6897	was during	kb
6898	was earl in	kb
6899	was earl of	kb
6900	was edited by	kb
6901	was editor of	kb
6902	was editor on	kb
6903	was educated at	kb
6904	was educated by	kb
6905	was educated in	kb
6906	was elected	kb
6907	was elected a corresponding member of	kb
6908	was elected a member of parliament for	kb
6909	was elected as	kb
6910	was elected as president of	kb
6911	was elected by	kb
6912	was elected in	kb
6913	was elected king of germany at	kb
6914	was elected member of parliament for	kb
6915	was elected mp for	kb
6916	was elected president of	kb
6917	was elected solicitor for	kb
6918	was elected to	kb
6919	was elected to congress from	kb
6920	was elected until	kb
6921	was elector of	kb
6922	was elector prince of	kb
6923	was elevated from earl of stafford to	kb
6924	was elevated to	kb
6925	was elevated to the position of	kb
6926	was employed as	kb
6927	was employed with	kb
6928	was empress consort of	kb
6929	was empress of	kb
6930	was encouraged to abdicate by	kb
6931	was engaged for	kb
6932	was entered for	kb
6933	was entered into	kb
6934	was established by	kb
6935	was established in	kb
6936	was established on the territory of	kb
6937	was established with	kb
6938	was excommunicated by	kb
6939	was executed by	kb
6940	was executed in	kb
6941	was expelled from	kb
6942	was falsely charged with	kb
6943	was fatally wounded by	kb
6944	was father of	kb
6945	was favorite of	kb
6946	was featured on	kb
6947	was fellow of	kb
6948	was filmed by	kb
6949	was filmed in	kb
6950	was finalist for	kb
6951	was fired by	kb
6952	was first published in	kb
6953	was firstborn and successor of	kb
6954	was forced into exile by	kb
6955	was forced to abdicate on	kb
6956	was forced to conduct a policy mindful of the limitations of	kb
6957	was forced to declare bankruptcy due to	kb
6958	was forced to leave spain by	kb
6959	was forced to live in	kb
6960	was forced to surrender after	kb
6961	was foreign associate of	kb
6962	was formed in	kb
6963	was formed when	kb
6964	was found dead in	kb
6965	was found in	kb
6966	was found to be empty in	kb
6967	was founded by	kb
6968	was founded in	kb
6969	was founder and mayor of	kb
6970	was founder of	kb
6971	was founding president of	kb
6972	was frequently cast as	kb
6973	was friend of	kb
6974	was from	kb
6975	was from the branch of	kb
6976	was future duke of	kb
6977	was future king of	kb
6978	was gaye s most successful single between	kb
6979	was gentleman of the bedchamber to	kb
6980	was given	kb
6981	was given a posthumous retrospective at	kb
6982	was given a theatrical release in	kb
6983	was given an award by	kb
6984	was given as a wedding present by	kb
6985	was given in marriage to	kb
6986	was given the posthumous name	kb
6987	was given the task to converse with	kb
6988	was given the task to practice	kb
6989	was given the title of	kb
6990	was governor of	kb
6991	was graffiti painter in	kb
6992	was grand master of	kb
6993	was granddaughter of	kb
6994	was grandfather of	kb
6995	was grandmother of	kb
6996	was grandson of	kb
6997	was granted the rank of	kb
6998	was granted the title	kb
6999	was great granddaughter of	kb
7000	was great grandmother of	kb
7001	was great grandson of	kb
7002	was great uncle to	kb
7003	was guest at wedding of	kb
7004	was guillotined in	kb
7005	was guitarist for	kb
7006	was hailed	kb
7007	was half brother of	kb
7008	was hanged along with	kb
7009	was head coach at	kb
7010	was head coach of	kb
7011	was head of	kb
7012	was headed by	kb
7013	was heir apparent of	kb
7014	was heir apparent to	kb
7015	was heir presumptive of	kb
7016	was heir presumptive to the throne of	kb
7017	was heiress of	kb
7018	was held at	kb
7019	was held by	kb
7020	was held in	kb
7021	was hereditary prince of	kb
7022	was hired as	kb
7023	was hired by	kb
7024	was hit in	kb
7025	was honorary president of	kb
7026	was honored by	kb
7027	was hosted and produced by	kb
7028	was husband of	kb
7029	was identified as a member of	kb
7030	was illustrator for	kb
7031	was impersonated by	kb
7032	was imprisoned at	kb
7033	was imprisoned for	kb
7034	was imprisoned in	kb
7035	was in	kb
7036	was in a relationship with	kb
7037	was in charge of	kb
7038	was in co regency with	kb
7039	was in command of	kb
7040	was in exile during	kb
7041	was in mdo with	kb
7042	was in office during	kb
7043	was in office from	kb
7044	was in office until	kb
7045	was in position from	kb
7046	was in relationship with	kb
7047	was in the service of	kb
7048	was included on	kb
7049	was india s entry to	kb
7050	was inducted in	kb
7051	was inducted into	kb
7052	was infanta of	kb
7053	was influenced by	kb
7054	was influential in	kb
7055	was inspiration for	kb
7056	was inspired by	kb
7057	was installed as	kb
7058	was instrumental in founding	kb
7059	was instrumental in passing	kb
7060	was instrumental in setting up	kb
7061	was instrumental in the construction of	kb
7062	was interested in	kb
7063	was interim president of	kb
7064	was interned in	kb
7065	was interred at	kb
7066	was interred in	kb
7067	was invented by	kb
7068	was invested as	kb
7069	was invested with	kb
7070	was investigated by	kb
7071	was involved in	kb
7072	was involved in legal dispute with	kb
7073	was involved in war in	kb
7074	was involved with	kb
7075	was issued by	kb
7076	was issued in	kb
7077	was joint commander in chief of	kb
7078	was joint constable of	kb
7079	was joint sovereign duke of nassau with	kb
7080	was judge of	kb
7081	was judge on	kb
7082	was judged fit on	kb
7083	was key component in	kb
7084	was killed 15 km north of	kb
7085	was killed and the king was again taken prisoner at	kb
7086	was killed at	kb
7087	was killed by	kb
7088	was killed during	kb
7089	was killed in	kb
7090	was killed in the battle between	kb
7091	was killed near	kb
7092	was killed on	kb
7093	was killed on road	kb
7094	was killed with	kb
7095	was king of	kb
7096	was knight of	kb
7097	was knighted at	kb
7098	was knighted between	kb
7099	was knighted in	kb
7100	was known as	kb
7101	was known for	kb
7102	was known for his role as	kb
7103	was known for making	kb
7104	was known personally to	kb
7105	was lady of the bedchamber to	kb
7106	was laid to rest in	kb
7107	was landgrave of	kb
7108	was last male descendant of	kb
7109	was later known as	kb
7110	was launched on	kb
7111	was leader of	kb
7112	was lecturer at	kb
7113	was led by	kb
7114	was linked to	kb
7115	was listed as	kb
7116	was listed on	kb
7117	was located in	kb
7118	was location of	kb
7119	was lord	kb
7120	was lord chamberlain to	kb
7121	was lord lieutenant of	kb
7122	was lord of	kb
7123	was lost at sea on	kb
7124	was lover of	kb
7125	was loyal to	kb
7126	was lynched by	kb
7127	was made	kb
7128	was made a fellow of	kb
7129	was made a prisoner by	kb
7130	was made adjutant general by	kb
7131	was made at	kb
7132	was made bishop of	kb
7133	was made by	kb
7134	was made emir of	kb
7135	was made honorary president of	kb
7136	was made in	kb
7137	was made in collaboration with	kb
7138	was made into	kb
7139	was making movies the public wanted to see	kb
7140	was managing director of	kb
7141	was married on	kb
7142	was married to	kb
7143	was married with	kb
7144	was massacred by	kb
7145	was master of	kb
7146	was maybe a monk at	kb
7147	was mayor of	kb
7148	was member during	kb
7149	was member of	kb
7150	was member of jury at the trial of	kb
7151	was member of the government of kenya for	kb
7152	was mentioned in	kb
7153	was mentored by	kb
7154	was military governor of	kb
7155	was minister of	kb
7156	was minister of education of	kb
7157	was mistress of	kb
7158	was mortally wounded by	kb
7159	was mortally wounded in	kb
7160	was most widely known for	kb
7161	was mother of	kb
7162	was mother to	kb
7163	was moved to	kb
7164	was murdered by	kb
7165	was murdered in	kb
7166	was murdered with	kb
7167	was music director of	kb
7168	was named	kb
7169	was named after	kb
7170	was named as	kb
7171	was named as the best sommelier in	kb
7172	was named in honor of	kb
7173	was named missionary to	kb
7174	was named riksr d by	kb
7175	was native of	kb
7176	was nephew of	kb
7177	was nicknamed	kb
7178	was niece of	kb
7179	was nominated at	kb
7180	was nominated bishop of	kb
7181	was nominated for	kb
7182	was nominated for an	kb
7183	was nominated for award at	kb
7184	was nominated in	kb
7185	was nominated to the see of	kb
7186	was not accepted as	kb
7187	was not entirely pleased with	kb
7188	was not passed uncut by	kb
7189	was not published by	kb
7190	was noted for	kb
7191	was number two on	kb
7192	was obtained after	kb
7193	was occupied by	kb
7194	was occupied with love to	kb
7195	was of	kb
7196	was offered a contract with	kb
7197	was official of	kb
7198	was on the founding faculty of	kb
7199	was one of	kb
7200	was one of the biggest hits of	kb
7201	was one of the commanders during	kb
7202	was one of the founders of	kb
7203	was one of the leaders of	kb
7204	was one of the precursors of	kb
7205	was one of the presenters of	kb
7206	was one of the spouses of	kb
7207	was one of two pretenders to the title of	kb
7208	was opened by	kb
7209	was opened in	kb
7210	was originally named	kb
7211	was originally on	kb
7212	was originally placed in	kb
7213	was originally produced by	kb
7214	was ousted by	kb
7215	was ousted by a revolution in	kb
7216	was ousted from	kb
7217	was owner of	kb
7218	was parent of	kb
7219	was part of	kb
7220	was part of a duo with	kb
7221	was partitioned in	kb
7222	was partitioned with	kb
7223	was partner in	kb
7224	was partner with	kb
7225	was party in	kb
7226	was passed uncut by	kb
7227	was patriarch of	kb
7228	was patron of	kb
7229	was patronized by	kb
7230	was perhaps the son of	kb
7231	was permitted to remain in charge of	kb
7232	was physicist in	kb
7233	was picked by	kb
7234	was pillaged and razed by	kb
7235	was placed under the care of	kb
7236	was plant manager in	kb
7237	was politically opposed to	kb
7238	was popular in	kb
7239	was popularised through	kb
7240	was portrayed in	kb
7241	was possibly succeeded by	kb
7242	was posted to	kb
7243	was praised by	kb
7244	was predecessor polity of	kb
7245	was present at	kb
7246	was presided over by	kb
7247	was president from	kb
7248	was president of	kb
7249	was president of chile from	kb
7250	was president until	kb
7251	was press secretary for	kb
7252	was previously known as	kb
7253	was prime minister of	kb
7254	was prince bishop of	kb
7255	was prince of	kb
7256	was princess abbess of	kb
7257	was princess of	kb
7258	was principal of	kb
7259	was principality of	kb
7260	was principality ruled by	kb
7261	was proclaimed	kb
7262	was proclaimed  queen mother of romania  in	kb
7263	was proclaimed king after	kb
7264	was produced by	kb
7265	was produced for	kb
7266	was produced in	kb
7267	was professor and head of	kb
7268	was professor at	kb
7269	was professor of singing at	kb
7270	was progenitor of	kb
7271	was prominent in	kb
7272	was promoted to	kb
7273	was protected by	kb
7274	was provost of	kb
7275	was published as a writer for	kb
7276	was published between	kb
7277	was published by	kb
7278	was published from	kb
7279	was published in	kb
7280	was published until	kb
7281	was pupil of	kb
7282	was purchased as a	kb
7283	was queen consort of	kb
7284	was queen consort to	kb
7285	was queen mother of	kb
7286	was queen of	kb
7287	was queen regnant of	kb
7288	was raised at	kb
7289	was raised at the court of	kb
7290	was raised in	kb
7291	was raised in exile in	kb
7292	was raised on	kb
7293	was raised to the rank of	kb
7294	was ranked in	kb
7295	was ranked number 28 on	kb
7296	was ranked number 46 on	kb
7297	was ranked number 50 on	kb
7298	was re elected in	kb
7299	was rebuilt by	kb
7300	was received for	kb
7301	was recognised as	kb
7302	was recognized as	kb
7303	was reconsecrated to	kb
7304	was recorded at	kb
7305	was recorded in	kb
7306	was recorded live in	kb
7307	was recounted by	kb
7308	was rector at	kb
7309	was redesigned in	kb
7310	was rediscovered and restored by	kb
7311	was refused entry by	kb
7312	was regarded as	kb
7313	was regent during	kb
7314	was regent during the minority of	kb
7315	was regent for	kb
7316	was regent from	kb
7317	was regent of	kb
7318	was regent over	kb
7319	was regent until	kb
7320	was regular in	kb
7321	was rehabilitated in	kb
7322	was reinstated in	kb
7323	was related to	kb
7324	was released	kb
7325	was released as	kb
7326	was released as single from	kb
7327	was released by	kb
7328	was released in	kb
7329	was released in the summer of	kb
7330	was released on	kb
7331	was remade as	kb
7332	was remade in	kb
7333	was remade in hindi as	kb
7334	was remarked by	kb
7335	was removed by	kb
7336	was removed for	kb
7337	was renowned as	kb
7338	was renowned for	kb
7339	was replaced by	kb
7340	was reported to	kb
7341	was representative peer for	kb
7342	was represented in	kb
7343	was repudiated by	kb
7344	was resident in	kb
7345	was responsible for	kb
7346	was restored to	kb
7347	was returned	kb
7348	was returned for	kb
7349	was returned to	kb
7350	was rhythm guitarist for	kb
7351	was romantically involved with	kb
7352	was ruled by	kb
7353	was ruler during the reign of	kb
7354	was ruler in	kb
7355	was ruler of	kb
7356	was ruling	kb
7357	was ruling count of	kb
7358	was ruling countess of	kb
7359	was ruling countess of aumale in	kb
7360	was ruling countess of aumale until	kb
7361	was runner up at	kb
7362	was scholar of	kb
7363	was screened at	kb
7364	was screened in cinemas in	kb
7365	was second great uncle to	kb
7366	was second in the line of succession to	kb
7367	was seconded to	kb
7368	was secretary of	kb
7369	was seen as	kb
7370	was seen at	kb
7371	was seigneur of	kb
7372	was selected as a	kb
7373	was selected for	kb
7374	was selected for preservation in	kb
7375	was selected to represent	kb
7376	was selection at	kb
7377	was senator in	kb
7378	was senator of	kb
7379	was senior adviser for	kb
7380	was senior advisor to	kb
7381	was senior agnate of	kb
7382	was senior bodyguard of	kb
7383	was senior grand duke of	kb
7384	was sent as ambassador to	kb
7385	was sent by	kb
7386	was sent during	kb
7387	was sent to	kb
7388	was sent to command	kb
7389	was sentenced to	kb
7390	was served by	kb
7391	was set up as governor by	kb
7392	was set up in	kb
7393	was sexually explicit for	kb
7394	was shortened by	kb
7395	was shortened to	kb
7396	was shot and killed by	kb
7397	was shot by	kb
7398	was shot dead in	kb
7399	was shot dead on	kb
7400	was shot in	kb
7401	was shown at	kb
7402	was shown in	kb
7403	was shunned by	kb
7404	was signed in	kb
7405	was signed to	kb
7406	was singer of	kb
7407	was sister in law of	kb
7408	was sister of	kb
7409	was sketched by	kb
7410	was sole ruler of	kb
7411	was sometimes credited as	kb
7412	was sometimes referred to as	kb
7413	was son in law of	kb
7414	was son of	kb
7415	was sovereign prince of nassau weilburg from	kb
7416	was speaker of	kb
7417	was special assistant to	kb
7418	was sponsor of	kb
7419	was spouse of	kb
7420	was stadtholder of	kb
7421	was started at	kb
7422	was started by	kb
7423	was started in	kb
7424	was stationed at	kb
7425	was staying in	kb
7426	was stepfather of	kb
7427	was stepmother of	kb
7428	was steward in	kb
7429	was still a minor in	kb
7430	was struck by the mint at	kb
7431	was struck with a sword by	kb
7432	was student of	kb
7433	was styled as	kb
7434	was subject of	kb
7435	was submitted by	kb
7436	was submitted to	kb
7437	was substituted by	kb
7438	was succeeded by	kb
7439	was successor of	kb
7440	was suffering from	kb
7441	was suggested by	kb
7442	was sultan of	kb
7443	was sung by	kb
7444	was sunk by	kb
7445	was sunk in	kb
7446	was supported by	kb
7447	was supposed to marry	kb
7448	was survived by	kb
7449	was taken captive with	kb
7450	was taken ill with	kb
7451	was taken prisoner to	kb
7452	was the	kb
7453	was the 13th holder of	kb
7454	was the ally of	kb
7455	was the ambassador of thailand to	kb
7456	was the ancestor of	kb
7457	was the archbishop of	kb
7458	was the art director for	kb
7459	was the author of	kb
7460	was the b side of	kb
7461	was the bailli of	kb
7462	was the ban of	kb
7463	was the banner for	kb
7464	was the birthdate of	kb
7465	was the bishop of	kb
7466	was the boss of	kb
7467	was the brother of	kb
7468	was the capital of	kb
7469	was the chair of	kb
7470	was the chief of	kb
7471	was the child of	kb
7472	was the claimant to headship of	kb
7473	was the co heiress of	kb
7474	was the consort of	kb
7475	was the count of	kb
7476	was the cousin of	kb
7477	was the crown prince of	kb
7478	was the date of death of	kb
7479	was the daughter in law of	kb
7480	was the daughter of	kb
7481	was the director of	kb
7482	was the duchess of	kb
7483	was the duke of	kb
7484	was the editor of	kb
7485	was the eldest daughter of	kb
7486	was the eldest son of	kb
7487	was the emir of	kb
7488	was the emperor of	kb
7489	was the father in law of	kb
7490	was the father of	kb
7491	was the favourite of	kb
7492	was the first	kb
7493	was the first adviser to	kb
7494	was the first cousin of	kb
7495	was the first cousin once removed of	kb
7496	was the first feature film directed in	kb
7497	was the first governor of	kb
7498	was the first great grandchild of	kb
7499	was the first husband of	kb
7500	was the first medical school in	kb
7501	was the first president of	kb
7502	was the first prince of	kb
7503	was the first ruler of	kb
7504	was the first wife of	kb
7505	was the former dutch queen of	kb
7506	was the former holder of	kb
7507	was the former wife of	kb
7508	was the founder and inaugural president of	kb
7509	was the founder and planner of	kb
7510	was the founder of	kb
7511	was the fourth monarch of	kb
7512	was the fourth queen consort of	kb
7513	was the future	kb
7514	was the future queen	kb
7515	was the giudice of	kb
7516	was the governor of	kb
7517	was the granddaughter of	kb
7518	was the grandfather of	kb
7519	was the grandmother of	kb
7520	was the grandson of	kb
7521	was the great granddaughter of	kb
7522	was the great grandfather of	kb
7523	was the great grandson of	kb
7524	was the great uncle of	kb
7525	was the hakim of	kb
7526	was the half brother of	kb
7527	was the half uncle of	kb
7528	was the head of	kb
7529	was the heir apparent of	kb
7530	was the heir of	kb
7531	was the heir presumptive of	kb
7532	was the heir to	kb
7533	was the heiress of	kb
7534	was the hereditary prince of	kb
7535	was the honorary president of	kb
7536	was the husband of	kb
7537	was the illegitimate son of	kb
7538	was the inspiration for	kb
7539	was the joint owner of	kb
7540	was the khan of	kb
7541	was the king of	kb
7542	was the last	kb
7543	was the last film of	kb
7544	was the last king of	kb
7545	was the last surviving grandchild of	kb
7546	was the late emir of	kb
7547	was the leader of	kb
7548	was the location of	kb
7549	was the lord of	kb
7550	was the lover of	kb
7551	was the manager of	kb
7552	was the marquis of	kb
7553	was the member of parliament from	kb
7554	was the monastery where	kb
7555	was the mother in law of	kb
7556	was the mother of	kb
7557	was the nephew of	kb
7558	was the niece of	kb
7559	was the nominal ruler of	kb
7560	was the oldest child of	kb
7561	was the only child of	kb
7562	was the owner of	kb
7563	was the palestinian entry for	kb
7564	was the parent of	kb
7565	was the paternal grandmother of	kb
7566	was the patriarch from	kb
7567	was the patriarch of	kb
7568	was the patriarch until	kb
7569	was the pen name of	kb
7570	was the place of death of	kb
7571	was the president of	kb
7572	was the prince consort of	kb
7573	was the princess consort of	kb
7574	was the principal consort of	kb
7575	was the private owner of	kb
7576	was the producer of	kb
7577	was the queen mother of	kb
7578	was the queen of	kb
7579	was the regent of	kb
7580	was the residence of	kb
7581	was the result of	kb
7582	was the ruler of	kb
7583	was the second	kb
7584	was the second surviving son of	kb
7585	was the second wife of	kb
7586	was the singer of	kb
7587	was the sister in law of	kb
7588	was the sister of	kb
7589	was the son of	kb
7590	was the source for	kb
7591	was the speaker of	kb
7592	was the spouse of	kb
7593	was the stepbrother of	kb
7594	was the stepfather of	kb
7595	was the stepmother of	kb
7596	was the stepson of	kb
7597	was the subject of a portrait by	kb
7598	was the sultan of	kb
7599	was the target of	kb
7600	was the third emperor of	kb
7601	was the third son of	kb
7602	was the uncle of	kb
7603	was the viceroy of	kb
7604	was the ward of	kb
7605	was the wife of	kb
7606	was the younger brother of	kb
7607	was the younger son of	kb
7608	was the youngest child of	kb
7609	was the youngest daughter of	kb
7610	was the youngest son of	kb
7611	was tied to	kb
7612	was timber controller for	kb
7613	was titled	kb
7614	was to be created earl of lichfield by	kb
7615	was to be published by	kb
7616	was to be published on	kb
7617	was to go to	kb
7618	was top chart in	kb
7619	was traded by	kb
7620	was trainbearer to	kb
7621	was trained in music by	kb
7622	was translated into	kb
7623	was trapped in	kb
7624	was travelling from	kb
7625	was travelling to	kb
7626	was treasurer of	kb
7627	was trusted representative in	kb
7628	was unable to don	kb
7629	was uncle of	kb
7630	was uncle to	kb
7631	was under	kb
7632	was under contract to	kb
7633	was under contract with	kb
7634	was under protection of	kb
7635	was unrelated to	kb
7636	was unveiled at	kb
7637	was up against	kb
7638	was used by	kb
7639	was used during	kb
7640	was vassal of	kb
7641	was venerated as	kb
7642	was vicar of	kb
7643	was viceroy of	kb
7644	was victim of	kb
7645	was victorious in	kb
7646	was viscount of	kb
7647	was voiced by	kb
7648	was well known throughout	kb
7649	was well received by	kb
7650	was widow of	kb
7651	was wife of	kb
7652	was with	kb
7653	was within	kb
7654	was won by	kb
7655	was working as foreman at	kb
7656	was wounded at	kb
7657	was wounded whilst filming	kb
7658	was written and directed by	kb
7659	was written and produced by	kb
7660	was written by	kb
7661	was written in	kb
7662	was youngest son of	kb
7663	washington duke	kb
7664	watched by	kb
7665	watches the show on	kb
7666	wears	kb
7667	wears number	kb
7668	weaving through	kb
7669	website details	kb
7670	wed	kb
7671	wed in	kb
7672	wedded	kb
7673	welcomes contributions from	kb
7674	well known for work in	kb
7675	well received by	kb
7676	went in	kb
7677	went into exile to	kb
7678	went into exile upon	kb
7679	went into recording	kb
7680	went on	kb
7681	went on a trip to	kb
7682	went on an expedition to	kb
7683	went on an expedition with	kb
7684	went on exile in	kb
7685	went on to	kb
7686	went on to write and direct	kb
7687	went to	kb
7688	went up to	kb
7689	went with	kb
7690	were	kb
7691	were abolished by law in	kb
7692	were defeated by	kb
7693	were excluded from	kb
7694	were made on	kb
7695	were nominated for	kb
7696	were praised by	kb
7697	were published in	kb
7698	were resettled in	kb
7699	were stripped of	kb
7700	were supported by	kb
7701	were to be given to	kb
7702	were under the command of	kb
7703	where	kb
7704	widow	kb
7705	widow married	kb
7706	widow of	kb
7707	widowed by	kb
7708	widowed in	kb
7709	wife	kb
7710	wife is	kb
7711	wife of	kb
7712	wife to	kb
7713	wife was	kb
7714	will be released in	kb
7715	will help	kb
7716	will raise	kb
7717	will was probated in	kb
7718	will was proved at	kb
7719	winner of	kb
7720	wished he had not done	kb
7721	with	kb
7722	with her club	kb
7723	with special remainder to	kb
7724	with the assistance of	kb
7725	withdrew from	kb
7726	within	kb
7727	within the parish of	kb
7728	without	kb
7729	witnessed	kb
7730	won	kb
7731	won a medal at	kb
7732	won a victory at	kb
7733	won against	kb
7734	won at	kb
7735	won award at	kb
7736	won award for her role in	kb
7737	won awards in	kb
7738	won battle at	kb
7739	won bronze medals at	kb
7740	won by	kb
7741	won commendation from	kb
7742	won first prize in	kb
7743	won gold medal in	kb
7744	won in	kb
7745	won jointly with heinrich wagner at	kb
7746	won medals at	kb
7747	won medals in	kb
7748	won public office as	kb
7749	won reelection in	kb
7750	won seat in	kb
7751	won success in	kb
7752	won successes in	kb
7753	won the 1st league meet of	kb
7754	won the audience award at	kb
7755	won the respect of	kb
7756	won with	kb
7757	words by	kb
7758	wore	kb
7759	work disliked by	kb
7760	worked as	kb
7761	worked as a model for	kb
7762	worked as an accompanist on blues and jazz recordings with	kb
7763	worked as assistant director for	kb
7764	worked as assistant director to	kb
7765	worked as assistant director with	kb
7766	worked as producer on	kb
7767	worked as special assistant to	kb
7768	worked as the director of	kb
7769	worked at	kb
7770	worked between	kb
7771	worked closely with	kb
7772	worked during	kb
7773	worked for	kb
7774	worked in	kb
7775	worked on	kb
7776	worked on film	kb
7777	worked on films by	kb
7778	worked on movies like	kb
7779	worked on script for	kb
7780	worked to bring the body of	kb
7781	worked under	kb
7782	worked with	kb
7783	working in	kb
7784	working on	kb
7785	works as	kb
7786	works at	kb
7787	works for	kb
7788	works in	kb
7789	works include	kb
7790	works on	kb
7791	works with	kb
7792	worn at	kb
7793	worshipped	kb
7794	worshipped on	kb
7795	would send a deputy to	kb
7796	wounded at	kb
7797	wrapping up in	kb
7798	wrested control from	kb
7799	wrestles with	kb
7800	writer and director of	kb
7801	writes	kb
7802	writes about	kb
7803	writes for	kb
7804	writes on	kb
7805	writes with	kb
7806	writings were the basis of	kb
7807	written	kb
7808	written  directed  and produced by	kb
7809	written about	kb
7810	written and directed	kb
7811	written and directed by	kb
7812	written and produced by	kb
7813	written and published by	kb
7814	written and recorded by	kb
7815	written and recorded with	kb
7816	written and supervised by	kb
7817	written biographies of	kb
7818	written by	kb
7819	written during	kb
7820	written for	kb
7821	written in	kb
7822	written in collaboration with	kb
7823	written to honor	kb
7824	written to sell	kb
7825	wrote	kb
7826	wrote a play for	kb
7827	wrote about	kb
7828	wrote accounts of the lives and works of	kb
7829	wrote and directed	kb
7830	wrote arrangements for	kb
7831	wrote arrangements with	kb
7832	wrote between	kb
7833	wrote biographies of	kb
7834	wrote biography of	kb
7835	wrote for	kb
7836	wrote in	kb
7837	wrote jingles for	kb
7838	wrote letter to	kb
7839	wrote libretti for operas by	kb
7840	wrote libretto for opera	kb
7841	wrote librettos for	kb
7842	wrote novel	kb
7843	wrote novel for	kb
7844	wrote screenplay for	kb
7845	wrote screenplays for	kb
7846	wrote screenplays under	kb
7847	wrote scripts for	kb
7848	wrote songs for	kb
7849	wrote stories of	kb
7850	wrote texts of	kb
7851	wrote that	kb
7852	wrote the music of	kb
7853	wrote the play for	kb
7854	wrote the script for	kb
7855	wrote the story for	kb
7856	wrote thesis on	kb
7857	wrote translations of works by	kb
7858	wrote under the name	kb
7859	wrote under the pen name	kb
7860	wrote under the pen name of	kb
7861	wrote under the pseudonym of	kb
7862	year	kb
7863	year of induction	kb
7864	yielded	kb
7865	young american man is	kb
7866	younger brother of	kb
